rsi_period,overbought,oversold,total_profit_pips,total_profit_currency,num_trades,win_rate,profit_factor,max_drawdown,max_drawdown_pct,score,valid
18,85,25,56.400000000000055,56.40000000000006,3,100.0,56.400000000000055,0.0,0.0,1056.25,True
19,85,25,37.60000000000004,37.600000000000044,2,100.0,37.60000000000004,0.0,0.0,1037.5000000000002,True
26,85,25,18.80000000000002,18.800000000000022,1,100.0,18.80000000000002,0.0,0.0,1018.7500000000001,True
27,80,25,18.80000000000002,18.800000000000022,1,100.0,18.80000000000002,0.0,0.0,1018.7500000000001,True
27,85,25,18.80000000000002,18.800000000000022,1,100.0,18.80000000000002,0.0,0.0,1018.7500000000001,True
26,80,25,18.80000000000002,18.800000000000022,1,100.0,18.80000000000002,0.0,0.0,1018.7500000000001,True
28,80,25,18.80000000000002,18.800000000000022,1,100.0,18.80000000000002,0.0,0.0,1018.7500000000001,True
25,85,25,18.80000000000002,18.800000000000022,1,100.0,18.80000000000002,0.0,0.0,1018.7500000000001,True
30,85,25,18.80000000000002,18.800000000000022,1,100.0,18.80000000000002,0.0,0.0,1018.7500000000001,True
28,85,25,18.80000000000002,18.800000000000022,1,100.0,18.80000000000002,0.0,0.0,1018.7500000000001,True
24,80,25,18.80000000000002,18.800000000000022,1,100.0,18.80000000000002,0.0,0.0,1018.7500000000001,True
24,85,25,18.80000000000002,18.800000000000022,1,100.0,18.80000000000002,0.0,0.0,1018.7500000000001,True
22,85,25,18.80000000000002,18.800000000000022,1,100.0,18.80000000000002,0.0,0.0,1018.7500000000001,True
30,80,25,18.80000000000002,18.800000000000022,1,100.0,18.80000000000002,0.0,0.0,1018.7500000000001,True
29,80,25,18.80000000000002,18.800000000000022,1,100.0,18.80000000000002,0.0,0.0,1018.7500000000001,True
21,85,25,18.80000000000002,18.800000000000022,1,100.0,18.80000000000002,0.0,0.0,1018.7500000000001,True
29,85,25,18.80000000000002,18.800000000000022,1,100.0,18.80000000000002,0.0,0.0,1018.7500000000001,True
20,85,25,18.80000000000002,18.800000000000022,1,100.0,18.80000000000002,0.0,0.0,1018.7500000000001,True
25,80,25,18.80000000000002,18.800000000000022,1,100.0,18.80000000000002,0.0,0.0,1018.7500000000001,True
23,80,25,18.80000000000002,18.800000000000022,1,100.0,18.80000000000002,0.0,0.0,1018.7500000000001,True
23,85,25,18.80000000000002,18.800000000000022,1,100.0,18.80000000000002,0.0,0.0,1018.7500000000001,True
17,85,25,40.2000000000006,40.2000000000006,4,75.0,3.4814814814816013,16.199999999999477,1.5612952968388083,778.6600000000009,True
18,80,25,40.2000000000006,40.2000000000006,4,75.0,3.4814814814816013,16.199999999999477,1.5612952968388083,778.6600000000009,True
30,85,30,21.400000000000578,21.40000000000058,3,66.66666666666666,2.3209876543210672,16.199999999999477,1.619999999999948,676.5766666666675,True
28,85,30,21.400000000000578,21.40000000000058,3,66.66666666666666,2.3209876543210672,16.199999999999477,1.619999999999948,676.5766666666675,True
30,80,30,21.400000000000578,21.40000000000058,3,66.66666666666666,2.3209876543210672,16.199999999999477,1.619999999999948,676.5766666666675,True
19,80,25,21.400000000000578,21.40000000000058,3,66.66666666666666,2.3209876543210672,16.199999999999477,1.5901060070670863,676.5766666666675,True
29,85,30,21.400000000000578,21.40000000000058,3,66.66666666666666,2.3209876543210672,16.199999999999477,1.619999999999948,676.5766666666675,True
14,85,20,21.400000000000578,21.40000000000058,3,66.66666666666666,2.3209876543210672,16.199999999999477,1.5612952968388083,676.5766666666675,True
29,80,30,21.400000000000578,21.40000000000058,3,66.66666666666666,2.3209876543210672,16.199999999999477,1.619999999999948,676.5766666666675,True
28,80,30,21.400000000000578,21.40000000000058,3,66.66666666666666,2.3209876543210672,16.199999999999477,1.619999999999948,676.5766666666675,True
27,85,30,21.400000000000578,21.40000000000058,3,66.66666666666666,2.3209876543210672,16.199999999999477,1.619999999999948,676.5766666666675,True
26,80,30,21.400000000000578,21.40000000000058,3,66.66666666666666,2.3209876543210672,16.199999999999477,1.619999999999948,676.5766666666675,True
26,85,30,21.400000000000578,21.40000000000058,3,66.66666666666666,2.3209876543210672,16.199999999999477,1.619999999999948,676.5766666666675,True
27,80,30,21.400000000000578,21.40000000000058,3,66.66666666666666,2.3209876543210672,16.199999999999477,1.619999999999948,676.5766666666675,True
21,70,25,69.40000000000285,69.40000000000286,13,61.53846153846154,1.8567901234568536,48.59999999999843,4.758175053847504,650.1146153846194,True
20,70,25,72.00000000000341,72.00000000000342,15,60.0,1.7407407407408,32.399999999998954,3.1721167025650026,648.5700000000041,True
23,70,25,48.000000000002274,48.00000000000229,10,60.0,1.7407407407408004,48.59999999999843,4.683885890516424,613.4800000000034,True
20,70,15,53.20000000000339,53.2000000000034,14,57.14285714285714,1.5473251028807111,32.399999999998954,3.2315978456013297,601.2485714285754,True
20,70,20,53.20000000000339,53.2000000000034,14,57.14285714285714,1.5473251028807111,32.399999999998954,3.2315978456013297,601.2485714285754,True
29,70,25,24.000000000001137,24.00000000000114,5,60.0,1.7407407407408007,32.399999999998954,3.1225905936776166,601.0700000000019,True
17,80,25,24.000000000001137,24.00000000000114,5,60.0,1.7407407407408007,32.399999999998954,3.1225905936776166,601.0700000000019,True
12,85,20,24.000000000001137,24.00000000000114,5,60.0,1.7407407407408007,32.399999999998954,3.1225905936776166,601.0700000000019,True
21,70,20,50.60000000000284,50.600000000002844,12,58.333333333333336,1.6246913580247468,48.59999999999843,4.847396768401995,599.3133333333373,True
21,70,15,50.60000000000284,50.600000000002844,12,58.333333333333336,1.6246913580247468,48.59999999999843,4.847396768401995,599.3133333333373,True
30,65,25,55.800000000003955,55.80000000000396,16,56.25,1.492063492063543,45.99999999999784,4.515115822536105,585.3000000000055,True
30,65,30,58.40000000000452,58.400000000004525,18,55.55555555555556,1.4506172839506668,45.99999999999784,4.588071015359846,580.8555555555616,True
27,70,25,26.600000000001696,26.6000000000017,7,57.14285714285714,1.5473251028807118,32.399999999998954,3.1225905936776166,574.9985714285738,True
18,75,25,26.600000000001696,26.6000000000017,7,57.14285714285714,1.5473251028807118,32.399999999998954,3.1225905936776166,574.9985714285738,True
26,70,25,26.600000000001696,26.6000000000017,7,57.14285714285714,1.5473251028807118,32.399999999998954,3.1225905936776166,574.9985714285738,True
29,70,30,26.600000000001696,26.6000000000017,7,57.14285714285714,1.5473251028807118,32.399999999998954,3.1721167025650026,574.9985714285738,True
25,70,25,26.600000000001696,26.6000000000017,7,57.14285714285714,1.5473251028807118,32.399999999998954,3.1225905936776166,574.9985714285738,True
20,70,30,68.80000000000675,68.80000000000676,26,53.84615384615385,1.3539094650206227,48.599999999998204,4.580584354382466,571.9415384615465,True
10,75,20,81.80000000000952,81.80000000000959,36,52.77777777777778,1.2970225127088317,62.19999999999732,6.171859495931455,564.2377777777892,True
27,70,30,29.200000000002255,29.20000000000226,9,55.55555555555556,1.450617283950667,32.399999999998954,3.1721167025650026,561.6255555555584,True
26,70,30,29.200000000002255,29.20000000000226,9,55.55555555555556,1.450617283950667,32.399999999998954,3.1721167025650026,561.6255555555584,True
23,70,15,29.200000000002255,29.20000000000226,9,55.55555555555556,1.450617283950667,48.59999999999843,4.770318021201259,550.2855555555589,True
23,70,20,29.200000000002255,29.20000000000226,9,55.55555555555556,1.450617283950667,48.59999999999843,4.770318021201259,550.2855555555589,True
22,70,25,31.800000000002814,31.800000000002818,11,54.54545454545454,1.3925925925926401,48.59999999999843,4.758175053847504,542.6845454545494,True
21,70,35,79.20000000000898,79.200000000009,34,52.94117647058824,1.3055555555556004,91.99999999999568,8.984374999999568,542.5117647058944,True
30,65,15,37.000000000003936,37.00000000000395,15,53.333333333333336,1.3262786596120382,45.99999999999784,4.599999999999784,537.3833333333388,True
30,65,20,37.000000000003936,37.00000000000395,15,53.333333333333336,1.3262786596120382,45.99999999999784,4.599999999999784,537.3833333333388,True
19,70,25,42.20000000000506,42.20000000000506,19,52.63157894736842,1.2894375857339262,45.99999999999784,4.503622478950246,535.3657894736907,True
21,70,30,47.40000000000618,47.40000000000618,23,52.17391304347826,1.2659932659933093,48.59999999999843,4.746093749999841,533.9691304347899,True
20,70,35,68.20000000001065,68.20000000001066,39,51.28205128205128,1.2215724496426668,97.19999999999686,9.396751740138875,511.03051282052564,True
11,75,30,67.60000000001455,67.60000000001456,52,50.0,1.1604938271605332,94.59999999999593,8.76575240919154,498.78000000001737,True
25,85,30,5.200000000001118,5.200000000001118,4,50.0,1.1604938271605336,16.199999999999477,1.619999999999948,493.6600000000015,True
29,75,30,5.200000000001118,5.200000000001118,4,50.0,1.1604938271605336,16.199999999999477,1.619999999999948,493.6600000000015,True
30,75,30,5.200000000001118,5.200000000001118,4,50.0,1.1604938271605336,16.199999999999477,1.619999999999948,493.6600000000015,True
25,80,30,5.200000000001118,5.200000000001118,4,50.0,1.1604938271605336,16.199999999999477,1.619999999999948,493.6600000000015,True
27,75,30,5.200000000001118,5.200000000001118,4,50.0,1.1604938271605336,16.199999999999477,1.619999999999948,493.6600000000015,True
28,75,30,5.200000000001118,5.200000000001118,4,50.0,1.1604938271605336,16.199999999999477,1.619999999999948,493.6600000000015,True
26,75,30,5.200000000001118,5.200000000001118,4,50.0,1.1604938271605336,16.199999999999477,1.619999999999948,493.6600000000015,True
28,65,30,26.000000000005603,26.0000000000056,20,50.0,1.1604938271605336,45.99999999999784,4.588071015359846,492.8000000000071,True
29,65,30,26.000000000005603,26.0000000000056,20,50.0,1.1604938271605336,45.99999999999784,4.588071015359846,492.8000000000071,True
28,75,25,2.600000000000559,2.600000000000559,2,50.0,1.1604938271605336,16.199999999999477,1.5901060070670863,491.1600000000009,True
27,75,25,2.600000000000559,2.600000000000559,2,50.0,1.1604938271605336,16.199999999999477,1.5901060070670863,491.1600000000009,True
21,80,25,2.600000000000559,2.600000000000559,2,50.0,1.1604938271605336,16.199999999999477,1.5901060070670863,491.1600000000009,True
26,75,25,2.600000000000559,2.600000000000559,2,50.0,1.1604938271605336,16.199999999999477,1.5901060070670863,491.1600000000009,True
25,75,25,2.600000000000559,2.600000000000559,2,50.0,1.1604938271605336,16.199999999999477,1.5901060070670863,491.1600000000009,True
24,75,25,2.600000000000559,2.600000000000559,2,50.0,1.1604938271605336,16.199999999999477,1.5901060070670863,491.1600000000009,True
23,75,25,2.600000000000559,2.600000000000559,2,50.0,1.1604938271605336,16.199999999999477,1.5901060070670863,491.1600000000009,True
20,80,25,2.600000000000559,2.600000000000559,2,50.0,1.1604938271605336,16.199999999999477,1.5901060070670863,491.1600000000009,True
22,75,25,2.600000000000559,2.600000000000559,2,50.0,1.1604938271605336,16.199999999999477,1.5901060070670863,491.1600000000009,True
22,80,25,2.600000000000559,2.600000000000559,2,50.0,1.1604938271605336,16.199999999999477,1.5901060070670863,491.1600000000009,True
16,80,20,2.600000000000559,2.600000000000559,2,50.0,1.1604938271605336,16.199999999999477,1.5901060070670863,491.1600000000009,True
15,85,20,2.600000000000559,2.600000000000559,2,50.0,1.1604938271605336,16.199999999999477,1.5901060070670863,491.1600000000009,True
16,85,20,2.600000000000559,2.600000000000559,2,50.0,1.1604938271605336,16.199999999999477,1.5901060070670863,491.1600000000009,True
30,75,25,2.600000000000559,2.600000000000559,2,50.0,1.1604938271605336,16.199999999999477,1.5901060070670863,491.1600000000009,True
29,75,25,2.600000000000559,2.600000000000559,2,50.0,1.1604938271605336,16.199999999999477,1.5901060070670863,491.1600000000009,True
18,70,25,26.00000000000559,26.0000000000056,20,50.0,1.1604938271605336,48.59999999999809,4.522613065326437,490.98000000000695,True
28,65,25,23.40000000000504,23.400000000005036,18,50.0,1.1604938271605336,45.99999999999784,4.515115822536105,490.30000000000655,True
29,65,25,23.40000000000504,23.400000000005036,18,50.0,1.1604938271605336,45.99999999999784,4.515115822536105,490.30000000000655,True
28,70,30,10.400000000002237,10.400000000002237,8,50.0,1.1604938271605336,32.399999999998954,3.1721167025650026,487.320000000003,True
23,70,30,20.800000000004474,20.800000000004474,16,50.0,1.1604938271605334,48.59999999999843,4.758175053847504,485.98000000000553,True
26,70,15,7.800000000001678,7.800000000001678,6,50.0,1.1604938271605338,32.399999999998954,3.1802120141341725,484.8200000000024,True
27,70,15,7.800000000001678,7.800000000001678,6,50.0,1.1604938271605338,32.399999999998954,3.1802120141341725,484.8200000000024,True
26,70,20,7.800000000001678,7.800000000001678,6,50.0,1.1604938271605338,32.399999999998954,3.1802120141341725,484.8200000000024,True
27,70,20,7.800000000001678,7.800000000001678,6,50.0,1.1604938271605338,32.399999999998954,3.1802120141341725,484.8200000000024,True
19,75,25,7.800000000001678,7.800000000001678,6,50.0,1.1604938271605338,32.399999999998954,3.1802120141341725,484.8200000000024,True
28,70,25,7.800000000001678,7.800000000001678,6,50.0,1.1604938271605338,32.399999999998954,3.1225905936776166,484.8200000000024,True
25,70,20,7.800000000001678,7.800000000001678,6,50.0,1.1604938271605338,32.399999999998954,3.1802120141341725,484.8200000000024,True
30,70,30,7.800000000001678,7.800000000001678,6,50.0,1.1604938271605338,32.399999999998954,3.1721167025650026,484.8200000000024,True
25,70,15,7.800000000001678,7.800000000001678,6,50.0,1.1604938271605338,32.399999999998954,3.1802120141341725,484.8200000000024,True
29,70,20,5.200000000001118,5.200000000001118,4,50.0,1.1604938271605336,32.399999999998954,3.1802120141341725,482.32000000000187,True
13,85,20,5.200000000001118,5.200000000001118,4,50.0,1.1604938271605336,32.399999999998954,3.1225905936776166,482.32000000000187,True
30,70,25,5.200000000001118,5.200000000001118,4,50.0,1.1604938271605336,32.399999999998954,3.1225905936776166,482.32000000000187,True
29,70,15,5.200000000001118,5.200000000001118,4,50.0,1.1604938271605336,32.399999999998954,3.1802120141341725,482.32000000000187,True
20,85,30,15.600000000003355,15.600000000003355,12,50.0,1.1604938271605334,48.59999999999843,4.734073641145367,480.98000000000445,True
19,85,30,15.600000000003355,15.600000000003355,12,50.0,1.1604938271605334,48.59999999999843,4.734073641145367,480.98000000000445,True
25,70,30,13.000000000002796,13.000000000002796,10,50.0,1.1604938271605336,45.99999999999784,4.503622478950246,480.30000000000433,True
22,70,15,13.000000000002796,13.0000000000028,10,50.0,1.1604938271605336,48.59999999999843,4.847396768401995,478.4800000000039,True
22,70,20,13.000000000002796,13.0000000000028,10,50.0,1.1604938271605336,48.59999999999843,4.847396768401995,478.4800000000039,True
24,70,25,10.400000000002237,10.400000000002237,8,50.0,1.1604938271605336,48.59999999999843,4.683885890516424,475.9800000000034,True
11,75,20,33.80000000000727,33.80000000000727,26,50.0,1.1604938271605336,80.99999999999739,7.910156249999736,475.8000000000091,True
16,75,30,31.200000000006717,31.200000000006714,24,50.0,1.1604938271605336,78.39999999999668,7.537012113054857,475.12000000000904,True
10,75,30,56.60000000001617,56.60000000001622,57,49.122807017543856,1.1204767986377562,102.99999999999363,9.521168422998032,472.8780701754592,True
15,70,35,56.60000000001616,56.60000000001622,57,49.122807017543856,1.1204767986377562,105.599999999994,9.572153734589648,471.0580701754589,True
17,75,25,13.0000000000028,13.000000000002792,10,50.0,1.1604938271605336,62.19999999999709,5.88792124195353,468.9600000000048,True
10,80,20,23.400000000005033,23.40000000000503,18,50.0,1.1604938271605336,80.99999999999727,7.786964045375622,465.800000000007,True
30,65,35,17.600000000007814,17.6000000000078,27,48.148148148148145,1.0776014109347813,54.39999999999554,5.425892679034063,459.6514814814924,True
11,75,25,35.80000000001172,35.80000000001175,41,48.78048780487805,1.105232216343365,89.39999999999509,8.870807699939961,458.97487804879563,True
19,70,30,20.20000000000837,20.200000000008362,29,48.275862068965516,1.0831275720164983,62.1999999999972,5.953292496171215,457.9686206896655,True
15,70,30,41.00000000001285,41.000000000012875,45,48.888888888888886,1.1100375738057273,100.39999999999338,10.013963694393908,457.35888888890634,True
22,70,30,7.2000000000055735,7.20000000000557,19,47.368421052631575,1.0444444444444803,48.59999999999843,4.746093749999841,445.9142105263224,True
15,75,30,20.200000000008384,20.200000000008362,29,48.275862068965516,1.0831275720164983,80.99999999999716,7.634307257304123,444.8086206896656,True
19,70,15,4.600000000005014,4.600000000005007,17,47.05882352941176,1.031550068587141,45.99999999999784,4.588071015359846,442.1382352941241,True
19,70,20,4.600000000005014,4.600000000005007,17,47.05882352941176,1.031550068587141,45.99999999999784,4.588071015359846,442.1382352941241,True
29,65,20,4.600000000005018,4.600000000005025,17,47.05882352941176,1.031550068587141,45.99999999999784,4.599999999999784,442.1382352941241,True
29,65,15,4.600000000005018,4.600000000005025,17,47.05882352941176,1.031550068587141,45.99999999999784,4.599999999999784,442.1382352941241,True
28,65,20,4.600000000005018,4.600000000005025,17,47.05882352941176,1.031550068587141,45.99999999999784,4.599999999999784,442.1382352941241,True
28,65,15,4.600000000005018,4.600000000005025,17,47.05882352941176,1.031550068587141,45.99999999999784,4.599999999999784,442.1382352941241,True
22,70,35,22.80000000000892,22.80000000000894,31,48.38709677419355,1.0879629629630003,91.99999999999568,8.984374999999568,440.7209677419474,True
6,85,15,22.800000000008925,22.800000000008936,31,48.38709677419355,1.0879629629630003,97.19999999999686,9.492187499999682,437.0809677419466,True
23,70,35,20.200000000008373,20.200000000008362,29,48.275862068965516,1.0831275720164983,95.19999999999209,9.152086137280525,434.8686206896691,True
12,85,30,22.800000000008918,22.800000000008936,31,48.38709677419355,1.0879629629630003,100.39999999999338,9.603979338051772,434.84096774194904,True
15,70,20,17.600000000007807,17.600000000007814,27,48.148148148148145,1.0776014109347813,91.99999999999568,9.03023164507221,433.3314814814923,True
11,75,15,12.400000000006685,12.400000000006692,23,47.82608695652174,1.0637860082304893,80.99999999999739,8.058097890966701,432.81086956522597,True
21,85,35,12.400000000006685,12.400000000006688,23,47.82608695652174,1.0637860082304893,80.99999999999739,8.058097890966701,432.81086956522597,True
7,80,25,35.60000000001618,35.60000000001621,56,48.214285714285715,1.0757769263516752,121.7999999999937,11.259012756516233,429.68285714287776,True
16,80,35,25.400000000009474,25.4000000000095,33,48.484848484848484,1.0922294843863847,116.59999999999275,11.153625406542238,426.9784848484994,True
13,75,30,14.40000000001114,14.400000000011147,38,47.368421052631575,1.04444444444448,86.79999999999438,8.344549125167692,425.42421052633085,True
13,70,30,19.000000000016133,19.000000000016165,55,47.27272727272727,1.040442741592202,91.99999999999568,9.176142030719692,424.57727272729187,True
16,80,30,7.200000000005581,7.200000000005584,19,47.368421052631575,1.0444444444444803,80.99999999999739,8.078994614003324,423.2342105263231,True
16,85,30,7.200000000005581,7.200000000005584,19,47.368421052631575,1.0444444444444803,80.99999999999739,8.078994614003324,423.2342105263231,True
13,75,20,2.000000000004455,2.000000000004448,15,46.666666666666664,1.0154320987654668,64.79999999999768,6.134040136311783,422.5566666666727,True
16,75,35,30.600000000010585,30.600000000010606,37,48.64864864864865,1.0994152046784,132.79999999999222,12.44844394450618,422.2764864865025,True
12,75,30,24.80000000001338,24.80000000001339,46,47.82608695652174,1.0637860082304886,113.399999999996,10.558659217876643,421.3808695652336,True
19,80,30,-0.5999999999961005,-0.5999999999961076,13,46.15384615384615,0.9947089947090286,59.599999999996726,5.83512825533549,418.5684615384678,False
20,80,30,-0.5999999999961005,-0.5999999999961076,13,46.15384615384615,0.9947089947090286,59.599999999996726,5.83512825533549,418.5684615384678,False
21,85,30,-3.1999999999966633,-3.199999999996667,11,45.45454545454545,0.9670781893004446,48.59999999999843,4.734073641145367,416.7754545454589,False
7,80,20,24.800000000013327,24.800000000013412,46,47.82608695652174,1.0637860082304886,121.79999999999404,12.179999999999405,415.50086956523495,True
14,75,30,9.20000000001004,9.200000000010014,34,47.05882352941176,1.031550068587141,89.99999999999102,8.652182272639006,415.088235294134,True
14,75,20,-0.5999999999961005,-0.5999999999961112,13,46.15384615384615,0.9947089947090286,64.79999999999768,6.134040136311783,414.9284615384671,False
11,85,30,11.800000000010591,11.800000000010595,36,47.22222222222222,1.038336582196267,97.79999999999279,9.502526233967409,413.7622222222379,True
7,80,15,9.200000000010018,9.20000000001004,34,47.05882352941176,1.031550068587141,94.59999999999627,9.386783091882924,411.8682352941303,True
12,70,30,21.90000000001672,21.90000000001674,60,46.666666666666664,1.0434093161546425,105.59999999999445,10.038022813687576,411.6466666666872,True
16,70,35,16.4000000000156,16.400000000015588,53,47.16981132075472,1.0361552028219045,105.59999999999434,9.934148635935406,411.5281132075668,True
10,75,25,11.200000000014462,11.200000000014509,49,46.93877551020408,1.0265906932573947,95.1999999999922,9.519999999999222,411.49775510206075,True
17,70,25,-3.799999999992753,-3.799999999992764,24,45.83333333333333,0.9819563152896824,62.1999999999972,5.979619303979731,409.79333333334245,False
8,80,25,13.80000000001505,13.80000000001504,51,47.05882352941176,1.0315500685871404,105.59999999999434,9.958506224065768,407.91823529413665,True
13,70,35,13.200000000018917,13.20000000001895,64,46.875,1.023965141612235,102.99999999999363,9.595677287124321,406.6500000000234,True
22,85,30,-5.7999999999972225,-5.799999999997226,9,44.44444444444444,0.9283950617284269,45.99999999999784,4.503622478950246,405.9944444444488,False
15,75,20,-3.1999999999966633,-3.199999999996667,11,45.45454545454545,0.9670781893004446,64.79999999999791,6.245181187355233,405.4354545454593,False
13,85,30,1.400000000008351,1.400000000008351,28,46.42857142857143,1.0057613168724626,84.1999999999939,8.20183128774535,405.345714285727,True
26,65,30,-6.399999999993334,-6.39999999999333,22,45.45454545454545,0.9670781893004448,59.599999999996726,5.944544185118361,405.32545454546346,False
15,85,35,11.80000000001057,11.800000000010588,36,47.22222222222222,1.038336582196267,113.99999999999216,10.71227212929825,402.4222222222383,True
9,80,25,6.000000000013355,6.000000000013362,45,46.666666666666664,1.0154320987654666,97.19999999999675,9.331797235022645,402.37666666668224,True
19,70,35,6.000000000013362,6.000000000013355,45,46.666666666666664,1.0154320987654666,97.19999999999686,9.373191899710365,402.3766666666822,True
8,80,15,-1.1999999999921975,-1.1999999999922082,26,46.15384615384615,0.994708994709029,80.99999999999727,7.786964045375622,402.3384615384712,False
16,70,20,-3.7999999999927674,-3.799999999992771,24,45.83333333333333,0.9819563152896824,75.7999999999962,7.440125638005124,400.27333333334315,False
13,75,25,-3.7999999999927674,-3.7999999999927745,24,45.83333333333333,0.9819563152896824,75.7999999999962,7.421186606617991,400.27333333334315,False
14,85,30,-1.1999999999922153,-1.1999999999922082,26,46.15384615384615,0.994708994709029,84.1999999999939,8.354832307997,400.0984615384736,False
26,65,25,-8.999999999993882,-8.999999999993893,20,45.0,0.9494949494949821,59.599999999996726,5.8500196309380375,398.2800000000084,False
27,65,30,-8.999999999993886,-8.99999999999389,20,45.0,0.9494949494949821,59.599999999996726,5.944544185118361,398.2800000000084,False
23,80,30,-8.399999999997782,-8.399999999997785,7,42.857142857142854,0.8703703703704003,32.399999999998954,3.2315978456013297,397.1414285714315,False
23,85,30,-8.399999999997782,-8.399999999997785,7,42.857142857142854,0.8703703703704003,32.399999999998954,3.2315978456013297,397.1414285714315,False
15,70,15,-1.199999999992201,-1.199999999992194,26,46.15384615384615,0.994708994709029,91.99999999999568,9.199999999999568,394.63846153847237,False
16,85,35,6.600000000009455,6.6000000000094765,32,46.875,1.0239651416122355,116.59999999999286,11.357880381842262,392.13000000001443,True
20,85,35,-1.1999999999922117,-1.1999999999922117,26,46.15384615384615,0.994708994709029,97.19999999999686,9.492187499999682,390.99846153847153,False
12,75,20,-6.399999999993323,-6.399999999993334,22,45.45454545454545,0.9670781893004448,80.99999999999727,7.786964045375622,390.3454545454631,False
27,65,25,-11.599999999994441,-11.599999999994452,18,44.44444444444444,0.9283950617284269,59.599999999996726,5.8500196309380375,390.22444444445233,False
15,75,35,3.4000000000127777,3.4000000000128097,43,46.51162790697674,1.0091250670961158,111.39999999999134,10.237088770445785,388.38627906978627,True
17,85,35,4.0000000000088995,4.000000000008914,30,46.666666666666664,1.015432098765467,116.59999999999275,10.98342125094128,387.5466666666806,True
18,65,25,6.90000000000948,6.900000000009494,35,45.714285714285715,1.0234773732562426,108.19999999999516,10.620337652139296,386.55285714287004,True
24,70,15,-8.399999999997782,-8.399999999997785,7,42.857142857142854,0.8703703703704003,48.59999999999843,4.770318021201259,385.80142857143187,False
16,75,20,-8.399999999997782,-8.399999999997785,7,42.857142857142854,0.8703703703704003,48.59999999999843,4.683885890516424,385.80142857143187,False
24,70,20,-8.399999999997782,-8.399999999997785,7,42.857142857142854,0.8703703703704003,48.59999999999843,4.770318021201259,385.80142857143187,False
21,80,35,-3.7999999999927923,-3.7999999999927567,24,45.83333333333333,0.9819563152896824,97.19999999999686,9.669717469160043,385.2933333333427,False
11,75,35,3.200000000017276,3.200000000017308,58,46.55172413793103,1.0063719633612447,116.59999999999286,11.569755903948467,384.19724137933264,True
15,85,30,-8.999999999993882,-8.999999999993882,20,45.0,0.9494949494949821,80.99999999999739,8.078994614003324,383.30000000000797,False
10,75,15,-12.199999999990549,-12.199999999990546,31,45.16129032258064,0.9557007988380866,78.39999999999668,7.5038284839200085,382.9829032258182,False
7,85,20,-4.399999999988893,-4.399999999988829,37,45.94594594594595,0.9864197530864534,100.99999999998931,10.09999999999893,382.5094594594781,False
7,85,25,-7.199999999984968,-7.1999999999849145,50,46.0,0.983539094650239,97.19999999999686,9.656268627060987,382.2600000000172,False
15,70,25,-9.599999999990004,-9.599999999989976,33,45.45454545454545,0.9670781893004446,89.39999999999509,8.93999999999951,380.715454545468,False
7,85,15,-6.399999999993344,-6.39999999999333,22,45.45454545454545,0.9670781893004448,97.19999999999686,9.669717469160043,379.00545454546335,False
13,70,20,-9.599999999989997,-9.599999999989997,33,45.45454545454545,0.9670781893004446,91.99999999999568,9.03023164507221,378.89545454546754,False
9,80,30,-1.9999999999838423,-1.9999999999838174,54,46.2962962962963,0.9957428693061213,113.39999999999634,11.031128404668793,378.8829629629817,False
16,70,30,0.8000000000122256,0.800000000012254,41,46.34146341463415,1.0022446689113698,119.19999999999345,11.889088370236722,378.72463414635826,True
17,75,30,-6.3999999999933195,-6.399999999993334,22,45.45454545454545,0.9670781893004448,102.99999999999386,9.901941934242817,374.94545454546545,False
16,70,25,-17.39999999999167,-17.399999999991667,27,44.44444444444444,0.928395061728427,73.19999999999561,7.3199999999995615,374.4544444444558,False
17,70,35,-7.599999999985528,-7.599999999985528,48,45.83333333333333,0.9819563152896819,105.59999999999422,9.808656882778505,374.41333333335183,False
17,85,30,-14.199999999995008,-14.19999999999499,16,43.75,0.9026063100137484,73.19999999999561,7.301017354876876,371.26000000000806,False
19,75,30,-14.199999999995,-14.199999999995004,16,43.75,0.9026063100137484,73.19999999999561,7.166634031720733,371.26000000000806,False
13,75,35,-10.199999999986105,-10.19999999998609,46,45.65217391304348,0.9748148148148479,108.19999999999482,10.050157904513648,368.28173913045225,False
14,70,20,-14.799999999991115,-14.799999999991105,29,44.827586206896555,0.9429012345679336,91.99999999999568,9.03023164507221,367.6258620689775,False
28,70,20,-10.99999999999834,-10.999999999998344,5,40.0,0.7736625514403559,32.399999999998954,3.1802120141341725,366.0700000000024,False
28,70,15,-10.99999999999834,-10.999999999998344,5,40.0,0.7736625514403559,32.399999999998954,3.1802120141341725,366.0700000000024,False
16,85,25,-10.99999999999834,-10.999999999998344,5,40.0,0.7736625514403559,32.399999999998954,3.2315978456013297,366.0700000000024,False
16,80,25,-10.99999999999834,-10.999999999998344,5,40.0,0.7736625514403559,32.399999999998954,3.2315978456013297,366.0700000000024,False
25,75,30,-10.99999999999834,-10.999999999998344,5,40.0,0.7736625514403559,32.399999999998954,3.2315978456013297,366.0700000000024,False
5,85,20,0.6000000000166921,0.6000000000167596,56,46.42857142857143,1.0012345679012684,137.9999999999933,12.982126058324745,365.4857142857357,True
10,75,35,-7.79999999998109,-7.799999999981029,63,46.03174603174603,0.9858387799564603,122.39999999998997,12.239999999998998,363.6874603174863,False
9,80,20,-14.799999999991115,-14.799999999991105,29,44.827586206896555,0.9429012345679336,97.79999999999279,9.550781249999286,363.5658620689795,False
13,70,25,-15.399999999987237,-15.399999999987163,42,45.23809523809524,0.9586688137413101,108.19999999999516,10.819999999999515,359.14095238096854,False
16,70,15,-22.599999999992797,-22.59999999999278,23,43.47826086956522,0.8926875593542567,75.7999999999962,7.57999999999962,357.9726086956621,False
20,80,35,-17.399999999991685,-17.399999999991667,27,44.44444444444444,0.928395061728427,97.19999999999686,9.644770787854405,357.65444444445495,False
17,70,30,-23.199999999988883,-23.199999999988894,36,44.44444444444444,0.9283950617284268,89.39999999999509,8.730468749999512,356.864444444459,False
8,80,20,-20.599999999988317,-20.599999999988334,38,44.73684210526316,0.9394473838918603,97.19999999999675,9.257142857142485,356.8284210526456,False
18,70,30,-28.39999999999001,-28.399999999990026,32,43.75,0.9026063100137484,73.19999999999561,7.148437499999563,356.26000000001306,False
17,80,35,-12.199999999990563,-12.199999999990546,31,45.16129032258064,0.9557007988380866,116.59999999999275,11.153625406542238,356.2429032258209,False
17,75,35,-6.999999999989452,-6.999999999989438,35,45.714285714285715,0.9772579597141334,132.79999999999222,12.44844394450618,355.43285714287316,False
30,85,35,-19.399999999996126,-19.39999999999613,12,41.66666666666667,0.828924162257524,59.599999999996726,5.944544185118361,354.9466666666729,False
21,80,30,-19.39999999999612,-19.39999999999613,12,41.66666666666667,0.828924162257524,59.599999999996726,5.83512825533549,354.9466666666729,False
30,80,35,-19.399999999996126,-19.39999999999613,12,41.66666666666667,0.828924162257524,59.599999999996726,5.944544185118361,354.9466666666729,False
14,80,20,-10.99999999999834,-10.999999999998344,5,40.0,0.7736625514403559,48.59999999999843,4.683885890516424,354.73000000000275,False
10,85,20,-19.399999999996126,-19.399999999996115,12,41.66666666666667,0.828924162257524,64.79999999999791,6.463195691202659,351.3066666666721,False
13,75,15,-19.399999999996126,-19.399999999996123,12,41.66666666666667,0.828924162257524,64.79999999999791,6.360424028268345,351.3066666666721,False
26,65,20,-27.799999999993915,-27.7999999999939,19,42.10526315789473,0.8439955106622063,59.599999999996726,5.959999999999672,350.5826315789557,False
26,65,15,-27.799999999993915,-27.7999999999939,19,42.10526315789473,0.8439955106622063,59.599999999996726,5.959999999999672,350.5826315789557,False
18,85,35,-14.799999999991108,-14.799999999991105,29,44.827586206896555,0.9429012345679336,116.59999999999275,11.181434599155411,350.40586206897956,False
19,85,35,-14.799999999991108,-14.799999999991105,29,44.827586206896555,0.9429012345679336,116.59999999999275,11.181434599155411,350.40586206897956,False
14,70,35,-26.99999999998169,-26.99999999998163,60,45.0,0.9494949494949815,102.99999999999397,9.969028261710493,347.90000000002254,False
6,85,20,-23.799999999985005,-23.79999999998498,49,44.89795918367347,0.9455875628715454,108.19999999999516,10.551979715232505,346.9895918367531,False
18,70,20,-30.399999999994463,-30.399999999994478,17,41.17647058823529,0.8123456790123735,48.59999999999843,4.773129051266769,346.49470588235954,False
18,70,15,-30.399999999994463,-30.399999999994478,17,41.17647058823529,0.8123456790123735,48.59999999999843,4.773129051266769,346.49470588235954,False
7,80,35,1.800000000018425,1.8000000000184553,62,46.774193548387096,1.0033670033670374,172.99999999999238,15.383247376844276,345.3419354838947,True
18,70,35,-28.99999999998611,-28.999999999986134,45,44.44444444444444,0.9283950617284266,97.19999999999686,9.373191899710365,345.1544444444605,False
12,70,35,-21.49999999998056,-21.4999999999805,67,44.776119402985074,0.9632792485055824,113.39999999999634,11.024693758506283,343.5311940298727,False
14,70,30,-23.799999999985012,-23.799999999984966,49,44.89795918367347,0.9455875628715454,113.99999999999227,11.370436864152424,342.92959183675515,False
8,80,30,-15.599999999982735,-15.599999999982728,57,45.614035087719294,0.9689366786141306,137.9999999999933,12.950450450449694,341.09035087721486,False
12,70,20,-25.499999999989445,-25.49999999998944,37,43.24324324324324,0.9218510573092544,91.99999999999568,9.03023164507221,340.6824324324459,False
21,75,35,-19.999999999992248,-19.999999999992216,25,44.0,0.9118165784832765,113.39999999999634,11.281337047353384,339.37000000001035,False
27,65,20,-30.399999999994467,-30.39999999999446,17,41.17647058823529,0.8123456790123735,59.599999999996726,5.959999999999672,338.79470588236074,False
27,65,15,-30.399999999994467,-30.39999999999446,17,41.17647058823529,0.8123456790123735,59.599999999996726,5.959999999999672,338.79470588236074,False
19,65,25,-11.899999999990548,-11.899999999990506,34,44.11764705882353,0.9595100374277274,126.99999999999523,12.465645857871536,338.67647058824815,False
11,65,30,-18.899999999980057,-18.899999999979883,69,44.927536231884055,0.9685889978394868,126.19999999998242,12.587273089964327,338.5853623188728,False
17,65,25,-22.899999999988886,-22.89999999998886,39,43.58974358974359,0.933138686131417,108.19999999999516,10.620337652139296,335.30743589745043,False
15,75,25,-30.399999999994467,-30.399999999994474,17,41.17647058823529,0.8123456790123735,64.79999999999791,6.344233405130005,335.1547058823599,False
22,80,30,-21.99999999999668,-21.999999999996692,10,40.0,0.7736625514403558,62.19999999999732,6.089680830232747,333.9600000000052,False
22,75,30,-21.99999999999668,-21.999999999996692,10,40.0,0.7736625514403558,62.19999999999732,6.089680830232747,333.9600000000052,False
16,75,25,-21.99999999999668,-21.999999999996692,10,40.0,0.7736625514403558,62.19999999999732,6.089680830232747,333.9600000000052,False
14,85,35,-20.59999999998835,-20.599999999988317,38,44.73684210526316,0.9394473838918603,130.19999999999152,12.234542379251206,333.7284210526492,False
24,65,25,-36.19999999999168,-36.19999999999169,26,42.30769230769231,0.8510288065843914,75.7999999999962,7.440125638005124,332.51692307693406,False
15,75,15,-21.99999999999668,-21.999999999996685,10,40.0,0.7736625514403558,64.79999999999791,6.360424028268345,332.14000000000476,False
13,80,30,-30.999999999990585,-30.999999999990568,30,43.333333333333336,0.8874364560639374,100.39999999999338,9.936658749009615,330.5533333333474,False
22,85,35,-25.199999999993345,-25.199999999993327,21,42.857142857142854,0.8703703703704003,102.99999999999397,10.273289447436056,330.2214285714394,False
23,65,25,-33.599999999991134,-33.59999999999111,28,42.857142857142854,0.8703703703704002,91.99999999999568,9.03023164507221,329.17142857144046,False
14,75,35,-28.999999999986123,-28.99999999998612,45,44.44444444444444,0.9283950617284266,122.39999999998975,11.4179104477602,327.51444444446554,False
13,70,15,-30.999999999990578,-30.999999999990553,30,43.333333333333336,0.8874364560639374,110.79999999999575,11.079999999999576,323.27333333334576,False
25,65,25,-38.79999999999223,-38.79999999999225,24,41.66666666666667,0.8289241622575241,76.39999999999213,7.499018453081284,323.18666666668,False
11,80,30,-34.19999999998724,-34.19999999998723,41,43.90243902439025,0.9082125603865043,113.99999999999227,11.020881670532857,322.97439024392065,False
19,80,35,-30.999999999990585,-30.999999999990568,30,43.333333333333336,0.8874364560639374,116.59999999999286,11.357880381842262,319.2133333333478,False
18,80,35,-30.999999999990585,-30.999999999990568,30,43.333333333333336,0.8874364560639374,116.59999999999286,11.357880381842262,319.2133333333478,False
17,80,30,-30.399999999994478,-30.399999999994453,17,41.17647058823529,0.8123456790123735,89.39999999999509,8.916816277677542,317.93470588236187,False
15,85,25,-24.599999999997245,-24.599999999997248,8,37.5,0.6962962962963202,45.99999999999784,4.588071015359846,317.8000000000043,False
19,65,35,-31.899999999982825,-31.899999999982708,59,44.06779661016949,0.9387363164970538,127.59999999999116,12.72691003391094,316.5079661017183,False
18,65,35,-31.899999999982825,-31.899999999982708,59,44.06779661016949,0.9387363164970538,127.59999999999116,12.72691003391094,316.5079661017183,False
23,75,30,-24.599999999997245,-24.59999999999724,8,37.5,0.6962962962963202,48.59999999999843,4.847396768401995,315.9800000000039,False
12,65,30,-35.09999999997951,-35.09999999997934,70,44.285714285714285,0.9431946916977167,126.19999999998242,12.587273089964327,315.91714285717563,False
19,65,30,-33.89999999998725,-33.89999999998717,44,43.18181818181818,0.9133214011761993,116.59999999999286,11.629762617194574,314.0981818181996,False
14,80,30,-33.59999999999117,-33.59999999999111,28,42.857142857142854,0.8703703703704002,113.99999999999227,11.34102666136014,313.7714285714428,False
28,65,35,-47.199999999990034,-47.19999999999004,31,41.935483870967744,0.838134430727052,84.1999999999939,8.269495187585305,311.66483870969165,False
17,70,15,-43.99999999999336,-43.99999999999338,20,40.0,0.7736625514403558,62.19999999999732,6.20386993816051,311.4600000000085,False
17,70,20,-43.99999999999336,-43.99999999999338,20,40.0,0.7736625514403558,62.19999999999732,6.20386993816051,311.4600000000085,False
5,65,20,-16.299999999979494,-16.299999999979406,71,45.07042253521127,0.9736203269137722,172.99999999999307,17.299999999999308,309.75422535213806,False
12,80,30,-39.39999999998837,-39.39999999998835,37,43.24324324324324,0.8841857730746921,116.59999999999286,11.480897991334428,309.562432432449,False
13,85,35,-36.79999999998781,-36.799999999987776,39,43.58974358974359,0.896745230078594,130.19999999999163,12.423664122136579,306.00743589745395,False
10,80,25,-47.199999999990034,-47.19999999999003,31,41.935483870967744,0.838134430727052,92.59999999999161,9.212097095104605,305.78483870969325,False
17,65,35,-42.899999999981176,-42.899999999981056,64,43.75,0.9246443000175957,122.39999999998997,12.20825852782664,305.7200000000259,False
8,70,30,-29.899999999978416,-29.899999999978277,74,44.5945945945946,0.9540212209749662,154.199999999993,15.419999999999302,304.4059459459724,False
25,65,30,-52.39999999999116,-52.39999999999114,27,40.74074074074074,0.7978395061728669,73.79999999999154,7.360861759424646,301.99740740742214,False
18,85,30,-32.99999999999501,-32.99999999999501,15,40.0,0.7736625514403558,91.99999999999568,9.176142030719692,301.850000000008,False
20,75,30,-32.999999999995026,-32.999999999995026,15,40.0,0.7736625514403558,91.99999999999568,9.007244957900491,301.850000000008,False
30,70,35,-32.99999999999504,-32.999999999995026,15,40.0,0.7736625514403558,91.99999999999568,9.007244957900491,301.850000000008,False
15,80,35,-39.399999999988374,-39.39999999998834,37,43.24324324324324,0.8841857730746921,130.19999999999175,12.650602409637724,300.0424324324498,False
9,75,30,-26.599999999981193,-26.599999999981065,62,45.16129032258064,0.9517066085693857,176.1999999999896,17.61999999999896,298.5729032258325,False
11,70,30,-40.299999999980606,-40.29999999998045,66,43.93939393939394,0.931169940222063,140.5999999999941,14.023538799121688,297.37393939396287,False
5,85,25,-38.39999999998219,-38.39999999998213,58,44.827586206896555,0.9259259259259573,156.79999999999336,14.678899082568037,297.21586206898803,False
30,70,20,-13.5999999999989,-13.599999999998904,3,33.33333333333333,0.5802469135802668,32.399999999998954,3.1802120141341725,296.9033333333351,False
30,70,15,-13.5999999999989,-13.599999999998904,3,33.33333333333333,0.5802469135802668,32.399999999998954,3.1802120141341725,296.9033333333351,False
11,85,15,-13.5999999999989,-13.599999999998904,3,33.33333333333333,0.5802469135802668,32.399999999998954,3.1802120141341725,296.9033333333351,False
21,75,25,-13.5999999999989,-13.599999999998904,3,33.33333333333333,0.5802469135802668,32.399999999998954,3.1802120141341725,296.9033333333351,False
15,80,30,-41.39999999999283,-41.39999999999279,22,40.909090909090914,0.8034188034188311,100.39999999999338,10.013963694393908,296.3109090909209,False
11,85,25,-41.39999999999283,-41.39999999999279,22,40.909090909090914,0.8034188034188311,100.39999999999338,10.013963694393908,296.3109090909209,False
21,75,30,-35.59999999999558,-35.59999999999559,13,38.46153846153847,0.7253086419753335,75.7999999999962,7.421186606617991,295.30538461539174,False
30,75,35,-35.59999999999559,-35.599999999995575,13,38.46153846153847,0.7253086419753335,75.7999999999962,7.560343107919026,295.30538461539174,False
9,75,25,-50.999999999982876,-50.99999999998275,55,43.63636363636363,0.8984468339307352,124.99999999999056,12.499999999999057,295.11363636366,False
15,65,35,-40.29999999998066,-40.299999999980464,66,43.93939393939394,0.931169940222063,144.9999999999825,14.462397765807141,294.29393939397096,False
9,80,15,-43.99999999999337,-43.99999999999338,20,40.0,0.7736625514403558,86.7999999999945,8.476562499999453,294.24000000001047,False
24,70,30,-35.59999999999558,-35.59999999999559,13,38.46153846153847,0.7253086419753335,78.3999999999968,7.675739181515248,293.48538461539135,False
14,75,25,-46.59999999999391,-46.59999999999394,18,38.88888888888889,0.7384960718294306,70.59999999999502,6.912081456823476,291.9688888888985,False
24,65,15,-54.99999999999171,-54.9999999999917,25,40.0,0.7736625514403559,75.7999999999962,7.57999999999962,290.69000000001097,False
24,65,20,-54.99999999999171,-54.9999999999917,25,40.0,0.7736625514403559,75.7999999999962,7.57999999999962,290.69000000001097,False
23,65,20,-52.39999999999113,-52.39999999999114,27,40.74074074074074,0.7978395061728669,91.99999999999568,9.199999999999568,289.25740740741924,False
23,65,15,-52.39999999999113,-52.39999999999114,27,40.74074074074074,0.7978395061728669,91.99999999999568,9.199999999999568,289.25740740741924,False
18,75,35,-44.59999999998947,-44.599999999989464,33,42.42424242424242,0.8551007147498668,132.79999999999234,12.903225806450838,285.03242424244013,False
19,75,35,-44.59999999998947,-44.599999999989464,33,42.42424242424242,0.8551007147498668,132.79999999999234,12.903225806450838,285.03242424244013,False
6,85,25,-55.79999999998334,-55.799999999983314,53,43.39622641509434,0.885185185185215,129.59999999999582,12.841854934601116,284.792264150963,False
12,75,15,-46.59999999999392,-46.599999999993926,18,38.88888888888889,0.7384960718294306,80.99999999999739,8.078994614003324,284.6888888888968,False
13,85,25,-35.599999999995575,-35.599999999995575,13,38.46153846153847,0.7253086419753335,91.99999999999568,9.199999999999568,283.9653846153921,False
14,65,35,-51.299999999979,-51.2999999999788,71,43.66197183098591,0.9190979340798284,139.7999999999813,13.943746259722845,283.9097183098932,False
22,75,35,-41.39999999999283,-41.39999999999279,22,40.909090909090914,0.8034188034188311,119.19999999999345,11.889088370236722,283.1509090909209,False
22,80,35,-41.39999999999283,-41.39999999999279,22,40.909090909090914,0.8034188034188311,119.19999999999345,11.889088370236722,283.1509090909209,False
13,65,30,-56.499999999980126,-56.49999999997993,67,43.28358208955223,0.9060993850756488,128.79999999998302,12.846598843006477,282.8258208955541,False
20,75,35,-49.799999999990625,-49.799999999990575,29,41.37931034482759,0.8191721132897885,113.99999999999227,11.34102666136014,282.7431034482907,False
18,65,30,-47.49999999998614,-47.49999999998608,47,42.5531914893617,0.8878394332940075,132.79999999999234,13.245561539995238,282.7219148936362,False
14,75,15,-38.199999999996145,-38.199999999996145,11,36.36363636363637,0.6631393298060192,64.79999999999791,6.360424028268345,279.526363636369,False
25,65,15,-57.59999999999227,-57.59999999999225,23,39.130434782608695,0.7460317460317717,76.39999999999213,7.639999999999213,279.07434782610017,False
25,65,20,-57.59999999999227,-57.59999999999225,23,39.130434782608695,0.7460317460317717,76.39999999999213,7.639999999999213,279.07434782610017,False
23,65,30,-60.79999999998892,-60.7999999999889,34,41.17647058823529,0.8123456790123734,100.39999999999338,10.013963694393908,278.98470588236864,False
8,85,20,-54.999999999991694,-54.99999999999169,25,40.0,0.7736625514403559,95.1999999999922,9.519999999999222,277.11000000001377,False
12,75,35,-55.79999999998337,-55.79999999998333,53,43.39622641509434,0.885185185185215,140.5999999999941,13.677042801555709,277.0922641509642,False
14,70,15,-52.39999999999116,-52.399999999991124,27,40.74074074074074,0.7978395061728669,110.79999999999575,11.079999999999576,276.09740740741915,False
9,70,30,-51.29999999997897,-51.29999999997889,71,43.66197183098591,0.9190979340798284,154.199999999993,15.419999999999302,273.8297183098851,False
22,65,25,-49.7999999999906,-49.79999999999056,29,41.37931034482759,0.8191721132897885,126.99999999999523,12.465645857871536,273.6431034482886,False
14,70,25,-60.79999999998892,-60.7999999999889,34,41.17647058823529,0.8123456790123734,108.19999999999516,10.819999999999515,273.5247058823674,False
5,75,20,-51.29999999997906,-51.29999999997886,71,43.66197183098591,0.9190979340798284,156.7999999999936,15.679999999999358,272.0097183098846,False
24,85,30,-27.1999999999978,-27.199999999997804,6,33.33333333333333,0.5802469135802668,48.59999999999843,4.847396768401995,271.8133333333365,False
16,75,15,-27.1999999999978,-27.199999999997807,6,33.33333333333333,0.5802469135802668,48.59999999999843,4.770318021201259,271.8133333333365,False
17,75,15,-27.1999999999978,-27.199999999997807,6,33.33333333333333,0.5802469135802668,48.59999999999843,4.770318021201259,271.8133333333365,False
24,80,30,-27.1999999999978,-27.199999999997804,6,33.33333333333333,0.5802469135802668,48.59999999999843,4.847396768401995,271.8133333333365,False
17,75,20,-27.1999999999978,-27.199999999997807,6,33.33333333333333,0.5802469135802668,48.59999999999843,4.770318021201259,271.8133333333365,False
12,85,35,-52.59999999998671,-52.59999999998665,42,42.857142857142854,0.864711934156408,146.39999999999122,14.224640497472882,271.391428571448,False
29,65,35,-65.99999999999005,-65.99999999999005,30,40.0,0.7736625514403557,87.39999999999043,8.717334929183162,271.32000000001665,False
23,65,35,-61.39999999998508,-61.399999999984985,47,42.5531914893617,0.8596250571559504,130.19999999999175,12.986235786953088,270.6419148936377,False
12,80,20,-38.19999999999614,-38.19999999999615,11,36.36363636363637,0.6631393298060192,78.3999999999968,7.555898226676637,270.00636363636977,False
23,85,35,-43.99999999999336,-43.99999999999335,20,40.0,0.7736625514403558,121.79999999999404,12.148414123278872,269.7400000000108,False
23,80,35,-43.99999999999336,-43.99999999999335,20,40.0,0.7736625514403558,121.79999999999404,12.148414123278872,269.7400000000108,False
7,80,30,-47.99999999998171,-47.99999999998164,59,44.06779661016949,0.9102132435466075,172.99999999999284,16.195469013292556,268.6279661017182,False
18,65,20,-49.49999999999058,-49.49999999999054,32,40.625,0.831575365770697,126.99999999999523,12.699999999999523,266.25000000001273,False
18,65,15,-49.49999999999058,-49.49999999999054,32,40.625,0.831575365770697,126.99999999999523,12.699999999999523,266.25000000001273,False
19,65,15,-49.49999999999058,-49.49999999999054,32,40.625,0.831575365770697,126.99999999999523,12.699999999999523,266.25000000001273,False
19,65,20,-49.49999999999058,-49.49999999999054,32,40.625,0.831575365770697,126.99999999999523,12.699999999999523,266.25000000001273,False
16,65,30,-55.89999999998402,-55.89999999998383,54,42.592592592592595,0.8855211959861029,146.39999999999122,14.602034709753752,264.8459259259481,False
5,85,30,-54.799999999980564,-54.7999999999805,61,44.26229508196721,0.9005083514887751,172.99999999999284,16.156144938362996,263.67295081969655,False
12,75,25,-63.39999999998954,-63.39999999998949,32,40.625,0.7940220922677333,111.39999999999168,11.082371667329044,263.27000000001624,False
11,85,20,-27.1999999999978,-27.199999999997804,6,33.33333333333333,0.5802469135802668,64.79999999999791,6.360424028268345,260.47333333333694,False
13,80,20,-27.1999999999978,-27.199999999997807,6,33.33333333333333,0.5802469135802668,64.79999999999791,6.245181187355233,260.47333333333694,False
17,65,30,-58.499999999984524,-58.499999999984404,52,42.30769230769231,0.8760855750900518,146.39999999999122,14.602034709753752,259.4969230769447,False
9,65,30,-67.49999999997846,-67.49999999997826,72,43.05555555555556,0.8962017530370894,145.59999999997842,14.559999999997842,257.53555555559217,False
8,65,30,-67.49999999997848,-67.49999999997826,72,43.05555555555556,0.8962017530370894,145.59999999997842,14.559999999997842,257.53555555559217,False
16,65,35,-59.09999999998068,-59.099999999980575,65,43.07692307692308,0.8990606319385435,163.79999999998256,16.337522441649956,253.75923076926233,False
9,75,20,-66.59999999998621,-66.59999999998612,43,41.86046511627907,0.8355555555555839,137.99999999999352,13.764213046079538,253.25465116280904,False
22,65,35,-58.799999999984514,-58.79999999998449,49,42.857142857142854,0.8703703703703998,165.1999999999913,16.47715938559657,251.68142857145017,False
18,80,30,-49.199999999994496,-49.199999999994475,16,37.5,0.6962962962963202,108.19999999999516,10.791940953520356,249.2600000000089,False
12,70,15,-65.69999999999004,-65.69999999999001,33,39.39393939393939,0.7881328603676487,110.79999999999575,11.079999999999576,249.02939393940682,False
22,65,30,-74.39999999998787,-74.3999999999878,37,40.54054054054054,0.7912457912458182,116.59999999999286,11.629762617194574,247.53540540542255,False
21,65,25,-65.99999999999008,-65.99999999999002,30,40.0,0.7736625514403557,126.99999999999523,12.465645857871536,243.60000000001327,False
20,65,30,-71.49999999998732,-71.49999999998722,42,40.476190476190474,0.8171823063155468,128.19999999998709,12.786754438458708,241.42190476192647,False
24,80,35,-46.59999999999396,-46.599999999993926,18,38.88888888888889,0.7384960718294306,143.1999999999947,14.019972586645252,241.14888888889865,False
24,85,35,-46.59999999999396,-46.599999999993926,18,38.88888888888889,0.7384960718294306,143.1999999999947,14.019972586645252,241.14888888889865,False
9,85,25,-76.99999999998843,-76.99999999998838,35,40.0,0.7736625514403556,119.79999999998938,11.979999999998938,237.390000000019,False
10,80,30,-80.1999999999851,-80.19999999998505,46,41.30434782608695,0.8166438042981529,135.99999999998886,13.356904340992761,235.3434782608922,False
20,65,35,-74.69999999998402,-74.69999999998386,53,41.509433962264154,0.8470202744214897,146.39999999999122,14.602034709753752,235.26433962266367,False
12,70,25,-82.49999999998565,-82.49999999998556,47,40.42553191489361,0.8123720718672085,120.39999999998531,12.039999999998532,235.12531914896076,False
14,80,35,-71.7999999999873,-71.79999999998725,39,41.02564102564102,0.8073000536768927,146.39999999999122,14.224640497472882,234.02641025642907,False
22,65,20,-68.59999999999062,-68.59999999999059,28,39.285714285714285,0.7509077705156394,126.99999999999523,12.699999999999523,233.95714285715556,False
22,65,15,-68.59999999999062,-68.59999999999059,28,39.285714285714285,0.7509077705156394,126.99999999999523,12.699999999999523,233.95714285715556,False
5,70,20,-70.09999999997905,-70.09999999997899,70,42.857142857142854,0.8894496136256403,172.99999999999307,17.299999999999308,233.87142857145437,False
13,65,35,-83.69999999997792,-83.69999999997772,73,42.465753424657535,0.8744186046511916,148.199999999979,14.78156792339706,233.5675342466121,False
11,80,25,-71.1999999999912,-71.19999999999115,26,38.46153846153847,0.7253086419753335,113.99999999999227,11.370436864152424,232.31538461539884,False
8,85,25,-85.39999999998622,-85.39999999998614,42,40.476190476190474,0.7891358024691626,122.9999999999859,12.29999999999859,231.1619047619284,False
24,65,30,-82.1999999999895,-82.19999999998949,31,38.70967741935484,0.7329434697856001,103.5999999999899,10.333133851983826,230.82677419356597,False
20,65,25,-68.29999999999063,-68.29999999999058,31,38.70967741935484,0.7676080299421819,126.99999999999523,12.465645857871536,228.34677419356112,False
5,75,25,-78.49999999997672,-78.49999999997691,77,42.857142857142854,0.8876806410073266,169.59999999997967,16.95999999999797,227.50142857146608,False
28,85,35,-51.79999999999506,-51.79999999999505,14,35.714285714285715,0.6447187928669632,110.79999999999575,10.84785588408025,227.0828571428651,False
28,80,35,-51.79999999999506,-51.79999999999505,14,35.714285714285715,0.6447187928669632,110.79999999999575,10.84785588408025,227.0828571428651,False
21,65,35,-74.999999999984,-74.99999999998398,50,42.0,0.840357598978317,165.1999999999913,16.47715938559657,226.86000000002213,False
8,75,25,-80.49999999998124,-80.49999999998114,62,41.935483870967744,0.8585982785877673,155.9999999999808,15.59999999999808,226.55483870970966,False
25,70,35,-57.599999999992285,-57.599999999992264,23,39.130434782608695,0.7460317460317717,154.19999999999288,14.824072293788962,224.61434782609965,False
24,70,35,-54.99999999999175,-54.9999999999917,25,40.0,0.7736625514403559,170.39999999999236,16.381465102864087,224.4700000000136,False
5,85,15,-93.79999999998401,-93.79999999998394,49,40.816326530612244,0.80034057045554,125.5999999999865,12.462790236156605,223.99326530614786,False
23,75,35,-60.199999999992876,-60.199999999992826,21,38.095238095238095,0.7141500474834054,137.99999999999352,13.764213046079538,223.10238095239262,False
10,85,25,-71.1999999999912,-71.19999999999115,26,38.46153846153847,0.7253086419753335,127.59999999999116,12.759999999999117,222.79538461539963,False
21,65,30,-87.99999999998678,-87.9999999999867,40,40.0,0.7736625514403555,128.19999999998709,12.786754438458708,220.26000000002227,False
18,75,30,-62.79999999999341,-62.799999999993375,19,36.84210526315789,0.6769547325103114,121.79999999999404,12.148414123278872,219.41105263158968,False
8,70,25,-86.29999999997851,-86.2999999999784,71,42.25352112676056,0.8672920190681509,164.3999999999785,16.43999999999785,217.60521126764218,False
8,80,35,-86.99999999998057,-86.99999999998052,61,42.62295081967213,0.8465608465608752,172.99999999999307,16.7020660359134,215.07950819674556,False
6,70,25,-86.29999999997845,-86.29999999997857,71,42.25352112676056,0.8672920190681509,172.99999999999307,17.299999999999308,211.58521126763202,False
16,65,20,-76.69999999998845,-76.69999999998835,38,39.473684210526315,0.7861722888207671,149.59999999998774,14.683941892421254,211.41684210528325,False
7,70,25,-86.29999999997851,-86.29999999997845,71,42.25352112676056,0.8672920190681509,174.79999999998086,17.479999999998086,210.32521126764053,False
17,65,20,-79.29999999998901,-79.2999999999889,36,38.88888888888889,0.7684671532846964,143.1999999999947,14.31999999999947,207.5488888889036,False
17,65,15,-79.29999999998901,-79.2999999999889,36,38.88888888888889,0.7684671532846964,143.1999999999947,14.31999999999947,207.5488888889036,False
13,80,35,-87.99999999998676,-87.9999999999867,40,40.0,0.7736625514403555,146.39999999999122,14.45212240868616,207.5200000000194,False
28,70,35,-62.79999999999338,-62.79999999999339,19,36.84210526315789,0.6769547325103114,140.599999999994,13.5166314170346,206.25105263158974,False
6,80,20,-96.99999999998069,-96.99999999998064,60,41.66666666666667,0.8289241622575234,158.59999999998138,15.859999999998136,205.6466666666991,False
10,70,30,-88.89999999997899,-88.89999999997906,69,42.028985507246375,0.8598012931714523,174.79999999998086,17.479999999998086,205.5798550724982,False
21,65,15,-84.79999999999009,-84.79999999999005,29,37.93103448275862,0.7091906721536594,126.99999999999523,12.699999999999523,204.16034482759943,False
21,65,20,-84.79999999999009,-84.79999999999005,29,37.93103448275862,0.7091906721536594,126.99999999999523,12.699999999999523,204.16034482759943,False
6,80,15,-98.99999999998516,-98.99999999998505,45,40.0,0.7736625514403553,137.99999999999352,13.764213046079538,202.15000000001936,False
11,65,35,-106.09999999997686,-106.09999999997676,74,41.891891891891895,0.8459863550588176,155.9999999999808,15.559545182523507,199.91891891895557,False
12,65,35,-106.09999999997686,-106.09999999997676,74,41.891891891891895,0.8459863550588176,155.9999999999808,15.559545182523507,199.91891891895557,False
29,70,35,-65.39999999999395,-65.39999999999395,17,35.294117647058826,0.6329966329966548,124.39999999999463,12.179361660465494,199.6111764705981,False
10,65,30,-86.29999999997848,-86.2999999999786,71,42.25352112676056,0.8672920190681509,190.99999999998033,19.099999999998033,198.98521126764092,False
19,75,15,-29.79999999999836,-29.799999999998366,4,25.0,0.38683127572017795,32.399999999998954,3.239999999999896,197.32000000000238,False
19,75,20,-29.79999999999836,-29.799999999998366,4,25.0,0.38683127572017795,32.399999999998954,3.239999999999896,197.32000000000238,False
18,75,15,-29.79999999999836,-29.799999999998366,4,25.0,0.38683127572017795,32.399999999998954,3.239999999999896,197.32000000000238,False
18,75,20,-29.79999999999836,-29.799999999998366,4,25.0,0.38683127572017795,32.399999999998954,3.239999999999896,197.32000000000238,False
5,65,25,-97.29999999997683,-97.29999999997676,76,42.10526315789473,0.8607812276434682,175.39999999997679,17.53999999999768,197.17263157898674,False
16,65,25,-90.29999999998736,-90.29999999998726,41,39.02439024390244,0.7691127588852206,144.39999999998656,14.439999999998657,196.81390243904644,False
24,75,30,-43.399999999997256,-43.39999999999726,7,28.57142857142857,0.46419753086421345,64.79999999999791,6.463195691202659,196.6042857142899,False
11,70,35,-99.89999999997727,-99.8999999999775,74,41.891891891891895,0.8536692544309642,172.19999999998026,17.17534410532417,194.77891891895553,False
24,75,35,-62.79999999999344,-62.79999999999339,19,36.84210526315789,0.6769547325103114,159.39999999999418,15.606030937927754,193.09105263158955,False
9,75,35,-95.0999999999788,-95.09999999997888,66,42.42424242424242,0.8455165692008084,194.99999999998965,19.399124552326843,189.3424242424527,False
20,65,20,-87.09999999999064,-87.0999999999906,30,36.666666666666664,0.7036406941136667,126.99999999999523,12.699999999999523,189.16666666667933,False
20,65,15,-87.09999999999064,-87.0999999999906,30,36.666666666666664,0.7036406941136667,126.99999999999523,12.699999999999523,189.16666666667933,False
9,75,15,-95.79999999998849,-95.7999999999884,34,38.23529411764706,0.7184009406231873,137.99999999999352,13.764213046079538,188.25294117648667,False
15,80,25,-56.99999999999617,-56.99999999999616,10,30.0,0.4973544973545144,78.3999999999968,7.819668860961176,187.6200000000061,False
25,80,35,-65.39999999999398,-65.39999999999395,17,35.294117647058826,0.6329966329966548,143.1999999999947,14.019972586645252,186.45117647059803,False
25,85,35,-65.39999999999398,-65.39999999999395,17,35.294117647058826,0.6329966329966548,143.1999999999947,14.019972586645252,186.45117647059803,False
20,75,25,-29.79999999999836,-29.799999999998366,4,25.0,0.38683127572017795,48.59999999999843,4.770318021201259,185.98000000000275,False
15,80,20,-29.79999999999836,-29.799999999998366,4,25.0,0.38683127572017795,48.59999999999843,4.770318021201259,185.98000000000275,False
6,65,25,-102.49999999997787,-102.49999999997806,72,41.66666666666667,0.8462115528882499,180.59999999997797,18.059999999997796,184.1466666667043,False
7,75,25,-105.09999999997846,-105.09999999997854,70,41.42857142857143,0.8383822850992125,174.79999999998086,17.479999999998086,183.32571428574929,False
24,65,35,-101.59999999998567,-101.59999999998567,43,39.53488372093023,0.7587844254511178,160.59999999998604,16.01835228406004,179.17883720932642,False
11,65,25,-110.29999999997962,-110.29999999997948,66,40.909090909090914,0.8214921508334949,166.39999999998315,16.596848194692107,179.0109090909413,False
27,70,35,-76.3999999999923,-76.39999999999229,22,36.36363636363637,0.6631393298060193,154.19999999999288,14.824072293788962,178.1963636363764,False
26,70,35,-76.3999999999923,-76.39999999999229,22,36.36363636363637,0.6631393298060193,154.19999999999288,14.824072293788962,178.1963636363764,False
13,80,25,-67.99999999999451,-67.9999999999945,15,33.33333333333333,0.5802469135802669,124.39999999999463,12.439999999999465,177.5033333333425,False
10,85,30,-104.19999999998626,-104.1999999999862,41,39.02439024390244,0.7427160493827413,152.19999999998834,15.219999999998834,177.4539024390463,False
16,65,15,-95.49999999998849,-95.49999999998835,37,37.83783783783784,0.7337608028993826,149.59999999998774,14.959999999998775,176.3083783783985,False
28,75,35,-67.99999999999451,-67.99999999999451,15,33.33333333333333,0.5802469135802669,126.99999999999523,12.433914235362751,175.6833333333421,False
8,75,30,-107.69999999997901,-107.69999999997904,68,41.17647058823529,0.8301529727172642,183.19999999997856,18.319999999997854,172.42470588238893,False
10,80,15,-70.59999999999508,-70.59999999999508,13,30.76923076923077,0.5157750342935705,91.99999999999568,9.007244957900491,172.04230769231563,False
6,85,35,-111.19999999998062,-111.1999999999806,58,41.37931034482759,0.7981118373275515,185.19999999998322,18.04013247613315,170.05310344830698,False
7,70,30,-113.49999999997623,-113.49999999997662,77,41.55844155844156,0.8412809397287371,188.39999999997974,18.839999999997975,166.35441558445356,False
9,65,25,-118.69999999997744,-118.69999999997738,73,41.0958904109589,0.8261315365460943,174.79999999998086,17.479999999998086,166.248904109625,False
8,65,25,-105.0999999999785,-105.09999999997856,70,41.42857142857143,0.8383822850992125,199.39999999997804,19.939999999997802,166.10571428575122,False
7,65,25,-105.0999999999785,-105.09999999997856,70,41.42857142857143,0.8383822850992125,199.39999999997804,19.939999999997802,166.10571428575122,False
6,70,20,-105.0999999999785,-105.09999999997856,70,41.42857142857143,0.8383822850992125,199.39999999997804,19.939999999997802,166.10571428575122,False
6,65,20,-105.0999999999785,-105.09999999997856,70,41.42857142857143,0.8383822850992125,199.39999999997804,19.939999999997802,166.10571428575122,False
5,85,35,-107.59999999997845,-107.59999999997835,67,41.7910447761194,0.8296929408040797,202.79999999999131,19.230039825525218,165.00044776122166,False
26,65,35,-111.99999999998789,-111.99999999998788,35,37.142857142857146,0.6857463524130424,138.59999999998945,13.752728716014012,160.65857142859096,False
29,80,35,-70.59999999999508,-70.59999999999506,13,30.76923076923077,0.5157750342935705,110.79999999999575,11.051266706562506,158.88230769231558,False
29,85,35,-70.59999999999508,-70.59999999999506,13,30.76923076923077,0.5157750342935705,110.79999999999575,11.051266706562506,158.88230769231558,False
6,75,25,-116.09999999997673,-116.09999999997721,75,41.333333333333336,0.8338818142796097,194.19999999997685,19.419999999997685,157.54333333337286,False
14,65,30,-112.8999999999801,-112.89999999998024,64,40.625,0.8123649659298918,190.99999999998033,19.050468781166987,156.4500000000337,False
10,65,20,-129.4999999999819,-129.49999999998184,56,39.285714285714285,0.7615540416129877,151.5999999999924,15.120686215838052,154.43714285716624,False
15,65,30,-123.2999999999824,-123.29999999998232,56,39.285714285714285,0.7703482957720497,163.79999999998256,16.337522441649956,152.09714285717263,False
6,70,30,-116.0999999999767,-116.0999999999771,75,41.333333333333336,0.8338818142796097,201.99999999997863,20.19999999999786,152.08333333337163,False
12,80,35,-117.39999999998453,-117.39999999998462,46,39.130434782608695,0.7411816578483496,174.19999999998493,17.374825453818556,149.66434782611296,False
27,65,35,-114.59999999998843,-114.59999999998841,33,36.36363636363637,0.6631393298060191,141.19999999999004,14.010716411985493,148.5463636363822,False
6,75,20,-121.29999999997794,-121.29999999997806,71,40.845070422535215,0.8180045011253082,199.39999999997804,19.939999999997802,144.02070422538964,False
9,70,25,-142.6999999999786,-142.69999999997844,68,39.705882352941174,0.7805628171613356,156.7999999999936,15.679999999999358,141.19882352943762,False
25,75,35,-81.59999999999346,-81.59999999999341,18,33.33333333333333,0.5802469135802669,159.39999999999418,15.606030937927754,139.25333333334387,False
14,85,25,-59.59999999999672,-59.599999999996726,8,25.0,0.3868312757201779,78.3999999999968,7.839999999999679,135.12000000000552,False
11,80,15,-59.599999999996726,-59.599999999996726,8,25.0,0.3868312757201779,78.3999999999968,7.695327836670278,135.12000000000552,False
11,85,35,-119.99999999998506,-119.9999999999852,44,38.63636363636363,0.725651577503454,187.19999999998788,18.6714542190293,133.12363636365973,False
8,85,15,-73.19999999999561,-73.19999999999563,11,27.27272727272727,0.43518518518520016,94.59999999999627,9.285433843737364,132.75727272727968,False
11,80,20,-73.19999999999561,-73.19999999999563,11,27.27272727272727,0.43518518518520016,94.59999999999627,9.285433843737364,132.75727272727968,False
25,65,35,-122.99999999998622,-122.99999999998623,40,37.5,0.69629629629632,168.3999999999878,16.709664615994,132.12000000002234,False
5,80,20,-123.89999999997838,-123.89999999997873,69,40.57971014492754,0.809472551130274,209.7999999999804,20.97999999999804,131.58710144931075,False
12,85,25,-84.19999999999399,-84.19999999999398,16,31.25,0.527497194163879,140.5999999999941,14.059999999999413,129.08000000001013,False
27,80,35,-84.19999999999399,-84.19999999999398,16,31.25,0.527497194163879,143.1999999999947,14.019972586645252,127.26000000000973,False
26,80,35,-84.19999999999399,-84.19999999999398,16,31.25,0.527497194163879,143.1999999999947,14.019972586645252,127.26000000000973,False
27,85,35,-84.19999999999399,-84.19999999999398,16,31.25,0.527497194163879,143.1999999999947,14.019972586645252,127.26000000000973,False
26,85,35,-84.19999999999399,-84.19999999999398,16,31.25,0.527497194163879,143.1999999999947,14.019972586645252,127.26000000000973,False
7,70,15,-145.69999999998134,-145.6999999999813,57,38.59649122807017,0.7394957983193521,157.99999999998545,15.75902653101789,126.81491228073057,False
6,80,25,-128.9999999999789,-128.99999999997937,64,40.625,0.7904483430799486,211.19999999998913,21.11999999999891,126.21000000002873,False
6,85,30,-129.79999999998165,-129.79999999998176,55,40.0,0.7572016460905606,203.9999999999833,19.921874999998344,124.65000000003005,False
5,70,25,-132.29999999997614,-132.29999999997654,76,40.78947368421053,0.814990910362214,210.39999999997633,21.039999999997633,124.5147368421457,False
9,85,20,-97.79999999999288,-97.79999999999285,19,31.57894736842105,0.5356125356125541,140.5999999999941,14.023538799121688,118.61947368422177,False
29,75,35,-86.79999999999453,-86.79999999999453,14,28.57142857142857,0.46419753086421356,126.99999999999523,12.667065629363169,109.31428571429448,False
10,65,25,-148.89999999997787,-148.8999999999784,68,39.705882352941174,0.7731911652703987,196.19999999998151,19.619999999998154,107.41882352944683,False
10,70,20,-133.6999999999845,-133.69999999998493,48,37.5,0.7167972887100423,192.39999999998906,19.1901057251136,104.22000000002319,False
7,85,35,-140.79999999998,-140.79999999998017,60,40.0,0.7585733882030435,217.59999999998217,21.19618157023006,103.88000000003251,False
8,70,20,-150.49999999998005,-150.49999999998047,62,38.70967741935484,0.749875353166054,185.19999999998322,18.519999999998323,103.85677419358015,False
6,75,15,-156.6999999999796,-156.6999999999799,62,38.70967741935484,0.7422273400230546,177.39999999998145,17.69399561140847,103.11677419358179,False
11,70,25,-136.89999999998113,-136.89999999998156,59,38.983050847457626,0.7595292464430249,211.19999999998913,21.065230400956413,102.14050847460275,False
6,70,15,-159.29999999998017,-159.29999999998043,60,38.333333333333336,0.7307757309447596,179.99999999998204,17.953321364450623,95.03333333336576,False
8,75,20,-147.2999999999834,-147.29999999998367,51,37.254901960784316,0.7080277502477931,185.19999999998322,18.519999999998323,93.05901960787152,False
11,70,15,-144.09999999998675,-144.0999999999869,40,35.0,0.6462067272281083,163.19999999998663,16.319999999998664,89.66000000002259,False
7,65,20,-142.6999999999783,-142.69999999997913,68,39.705882352941174,0.7805628171613356,231.19999999998106,23.119999999998107,89.11882352944664,False
11,70,20,-141.4999999999862,-141.49999999998636,42,35.714285714285715,0.6658795749705056,181.39999999999077,17.805261091479267,86.56285714287745,False
27,75,35,-100.39999999999347,-100.39999999999344,17,29.411764705882355,0.48353909465022243,159.39999999999418,15.606030937927754,81.28764705883415,False
26,75,35,-100.39999999999347,-100.39999999999344,17,29.411764705882355,0.48353909465022243,159.39999999999418,15.606030937927754,81.28764705883415,False
5,75,35,-170.89999999997457,-170.8999999999751,78,39.743589743589745,0.7732519570120995,201.99999999997863,20.19999999999786,81.23589743593786,False
5,75,30,-170.89999999997457,-170.8999999999751,78,39.743589743589745,0.7732519570120995,201.99999999997863,20.19999999999786,81.23589743593786,False
10,70,25,-153.09999999998055,-153.09999999998124,60,38.333333333333336,0.7385140905209463,211.19999999998913,21.11999999999891,79.39333333336043,False
11,80,35,-149.7999999999834,-149.79999999998364,48,37.5,0.6917695473251263,206.59999999998388,20.606423299419884,78.18000000002789,False
9,85,15,-75.79999999999619,-75.7999999999962,9,22.22222222222222,0.3315696649030096,97.19999999999686,9.516350107695008,77.93222222222822,False
15,65,20,-144.0999999999868,-144.09999999998678,40,35.0,0.6462067272281083,181.9999999999867,17.864153906555426,76.50000000002251,False
6,65,15,-175.49999999997968,-175.49999999997985,61,37.704918032786885,0.7113012008554273,178.0999999999798,17.763814083381178,73.82918032790333,False
9,85,30,-152.399999999984,-152.39999999998412,46,36.95652173913043,0.6756066411239053,206.59999999998388,20.659999999998387,70.24521739133162,False
9,80,35,-156.69999999997987,-156.69999999998012,59,38.983050847457626,0.7313100137174461,236.39999999998236,23.027469316187606,64.70050847460878,False
10,85,15,-62.199999999997274,-62.19999999999729,6,16.666666666666664,0.23209876543210672,64.79999999999791,6.463195691202659,58.80666666667082,False
5,75,15,-177.69999999997785,-177.6999999999783,68,38.23529411764706,0.733383345836483,207.1999999999798,20.66626770396765,56.21294117650687,False
13,65,25,-167.09999999998178,-167.09999999998237,54,37.03703703703704,0.6923218560118071,209.19999999998447,20.91999999999845,54.13037037039952,False
14,65,20,-157.69999999998566,-157.69999999998575,43,34.883720930232556,0.6413463725267436,195.59999999998558,19.19905771495736,52.06720930235,False
7,65,30,-167.29999999997557,-167.29999999997634,76,39.473684210526315,0.7712293176535192,245.39999999997588,24.53999999999759,51.856842105304466,False
10,80,35,-163.3999999999823,-163.39999999998253,51,37.254901960784316,0.6847993827160724,222.79999999998336,22.164743334658088,50.63901960787253,False
10,65,35,-167.2999999999756,-167.29999999997634,76,39.473684210526315,0.7712293176535192,253.19999999997765,25.319999999997766,46.39684210530318,False
8,70,35,-180.89999999997445,-180.89999999997522,79,39.24050632911392,0.7631268822836444,234.39999999997758,23.439999999997756,43.47506329118043,False
7,75,30,-186.09999999997558,-186.0999999999763,75,38.666666666666664,0.7455216737317352,220.7999999999787,22.07999999999787,42.256666666705996,False
15,65,15,-162.89999999998676,-162.89999999998687,39,33.33333333333333,0.600049103854672,181.9999999999867,18.19999999999867,41.08333333335581,False
15,65,25,-171.29999999998452,-171.29999999998475,46,34.78260869565217,0.6371531455200377,190.3999999999844,19.039999999998443,40.94608695654814,False
8,75,15,-160.29999999998626,-160.29999999998628,41,34.146341463414636,0.6214876033058053,198.19999999998618,19.45425991362251,40.37341463416983,False
6,70,35,-192.2999999999751,-192.2999999999757,75,38.666666666666664,0.7392542372881601,218.1999999999781,21.819999999997812,37.87666666670685,False
7,70,35,-192.2999999999751,-192.2999999999757,75,38.666666666666664,0.7392542372881601,218.1999999999781,21.819999999997812,37.87666666670685,False
12,80,25,-130.19999999999177,-130.19999999999186,21,28.57142857142857,0.46419753086421356,170.39999999999247,17.039999999999246,35.18428571429918,False
14,80,25,-91.99999999999565,-91.99999999999565,10,20.0,0.2901234567901334,110.79999999999575,11.079999999999576,29.94000000000733,False
10,70,35,-183.49999999997502,-183.4999999999758,77,38.961038961038966,0.754515050167249,253.19999999997765,25.319999999997766,25.02038961043032,False
11,65,20,-182.2999999999829,-182.29999999998304,51,35.294117647058826,0.6498943729594988,206.59999999998388,20.278759324694136,23.471176470616694,False
7,65,15,-196.89999999998017,-196.89999999998057,58,36.206896551724135,0.6672300152104327,199.49999999998045,19.89826451226614,22.618965517274866,False
9,70,20,-193.29999999998117,-193.29999999998168,56,35.714285714285715,0.6604602142982825,201.3999999999827,20.087771793335584,20.062857142888117,False
14,65,15,-176.49999999998565,-176.499999999986,42,33.33333333333333,0.5985899476916274,195.59999999998558,19.55999999999856,17.81333333335774,False
7,75,35,-199.69999999997447,-199.69999999997523,78,38.46153846153847,0.7385098860809461,234.39999999997758,23.439999999997756,16.935384615425882,False
6,65,30,-183.49999999997507,-183.4999999999758,77,38.961038961038966,0.754515050167249,269.3999999999771,26.93999999999771,13.680389610430632,False
9,70,35,-202.29999999997503,-202.29999999997577,76,38.15789473684211,0.7293645484950072,234.39999999997758,23.439999999997756,11.398947368461801,False
8,85,30,-182.1999999999823,-182.19999999998254,50,36.0,0.6485339506173058,236.39999999998224,23.639999999998224,9.82000000003012,False
12,80,15,-78.39999999999674,-78.39999999999675,7,14.285714285714285,0.19341563786008895,78.3999999999968,7.839999999999679,9.227142857148346,False
5,65,35,-208.49999999997456,-208.49999999997524,76,38.15789473684211,0.7233647339790608,234.39999999997758,23.439999999997756,5.1989473684622105,False
5,70,30,-208.49999999997456,-208.49999999997524,76,38.15789473684211,0.7233647339790608,234.39999999997758,23.439999999997756,5.1989473684622105,False
5,70,35,-208.49999999997456,-208.49999999997524,76,38.15789473684211,0.7233647339790608,234.39999999997758,23.439999999997756,5.1989473684622105,False
9,65,35,-208.49999999997456,-208.49999999997524,76,38.15789473684211,0.7233647339790608,234.39999999997758,23.439999999997756,5.1989473684622105,False
7,65,35,-208.49999999997456,-208.49999999997524,76,38.15789473684211,0.7233647339790608,234.39999999997758,23.439999999997756,5.1989473684622105,False
5,65,30,-208.49999999997456,-208.49999999997524,76,38.15789473684211,0.7233647339790608,234.39999999997758,23.439999999997756,5.1989473684622105,False
8,65,35,-208.49999999997456,-208.49999999997524,76,38.15789473684211,0.7233647339790608,234.39999999997758,23.439999999997756,5.1989473684622105,False
25,85,20,0.0,0.0,0,0.0,0.0,0.0,0.0,0.0,False
26,85,20,0.0,0.0,0,0.0,0.0,0.0,0.0,0.0,False
26,80,20,0.0,0.0,0,0.0,0.0,0.0,0.0,0.0,False
30,85,20,0.0,0.0,0,0.0,0.0,0.0,0.0,0.0,False
30,85,15,0.0,0.0,0,0.0,0.0,0.0,0.0,0.0,False
27,80,20,0.0,0.0,0,0.0,0.0,0.0,0.0,0.0,False
27,80,15,0.0,0.0,0,0.0,0.0,0.0,0.0,0.0,False
27,85,20,0.0,0.0,0,0.0,0.0,0.0,0.0,0.0,False
26,85,15,0.0,0.0,0,0.0,0.0,0.0,0.0,0.0,False
24,80,20,0.0,0.0,0,0.0,0.0,0.0,0.0,0.0,False
24,85,20,0.0,0.0,0,0.0,0.0,0.0,0.0,0.0,False
24,85,15,0.0,0.0,0,0.0,0.0,0.0,0.0,0.0,False
24,80,15,0.0,0.0,0,0.0,0.0,0.0,0.0,0.0,False
30,80,15,0.0,0.0,0,0.0,0.0,0.0,0.0,0.0,False
29,85,20,0.0,0.0,0,0.0,0.0,0.0,0.0,0.0,False
23,85,15,0.0,0.0,0,0.0,0.0,0.0,0.0,0.0,False
17,85,15,0.0,0.0,0,0.0,0.0,0.0,0.0,0.0,False
23,80,20,0.0,0.0,0,0.0,0.0,0.0,0.0,0.0,False
21,85,20,0.0,0.0,0,0.0,0.0,0.0,0.0,0.0,False
25,85,15,0.0,0.0,0,0.0,0.0,0.0,0.0,0.0,False
26,80,15,0.0,0.0,0,0.0,0.0,0.0,0.0,0.0,False
30,80,20,0.0,0.0,0,0.0,0.0,0.0,0.0,0.0,False
27,85,15,0.0,0.0,0,0.0,0.0,0.0,0.0,0.0,False
25,80,20,0.0,0.0,0,0.0,0.0,0.0,0.0,0.0,False
25,80,15,0.0,0.0,0,0.0,0.0,0.0,0.0,0.0,False
28,85,20,0.0,0.0,0,0.0,0.0,0.0,0.0,0.0,False
29,80,15,0.0,0.0,0,0.0,0.0,0.0,0.0,0.0,False
19,85,20,0.0,0.0,0,0.0,0.0,0.0,0.0,0.0,False
19,85,15,0.0,0.0,0,0.0,0.0,0.0,0.0,0.0,False
29,80,20,0.0,0.0,0,0.0,0.0,0.0,0.0,0.0,False
28,80,20,0.0,0.0,0,0.0,0.0,0.0,0.0,0.0,False
22,85,15,0.0,0.0,0,0.0,0.0,0.0,0.0,0.0,False
20,85,15,0.0,0.0,0,0.0,0.0,0.0,0.0,0.0,False
23,85,20,0.0,0.0,0,0.0,0.0,0.0,0.0,0.0,False
18,85,20,0.0,0.0,0,0.0,0.0,0.0,0.0,0.0,False
17,85,20,0.0,0.0,0,0.0,0.0,0.0,0.0,0.0,False
18,85,15,0.0,0.0,0,0.0,0.0,0.0,0.0,0.0,False
22,85,20,0.0,0.0,0,0.0,0.0,0.0,0.0,0.0,False
23,80,15,0.0,0.0,0,0.0,0.0,0.0,0.0,0.0,False
20,85,20,0.0,0.0,0,0.0,0.0,0.0,0.0,0.0,False
21,85,15,0.0,0.0,0,0.0,0.0,0.0,0.0,0.0,False
29,85,15,0.0,0.0,0,0.0,0.0,0.0,0.0,0.0,False
28,80,15,0.0,0.0,0,0.0,0.0,0.0,0.0,0.0,False
28,85,15,0.0,0.0,0,0.0,0.0,0.0,0.0,0.0,False
12,65,20,-193.69999999998353,-193.6999999999837,47,34.04255319148936,0.6082912032356116,212.4999999999834,20.85787200628027,-4.374468085078297,False
7,70,20,-180.29999999997838,-180.29999999997918,66,37.878787878787875,0.722743349223459,287.59999999998126,28.759999999998126,-6.132121212086464,False
5,65,15,-218.89999999997684,-218.89999999997738,68,36.76470588235294,0.6822470605313042,221.49999999997704,22.092559345698874,-9.702941176431375,False
9,65,20,-210.49999999997908,-210.4999999999795,61,36.0655737704918,0.6627143086044122,231.19999999998106,23.060043885894764,-14.734262295047802,False
13,65,20,-196.2999999999841,-196.2999999999843,45,33.33333333333333,0.5895881246080061,227.99999999998454,22.37926972909153,-24.816666666640003,False
5,80,25,-202.29999999997517,-202.29999999997577,76,38.15789473684211,0.7293645484950072,288.1999999999772,28.81999999999772,-26.26105263153811,False
23,75,15,-16.19999999999946,-16.199999999999463,1,0.0,0.0,16.199999999999477,1.619999999999948,-27.589999999999094,False
19,80,20,-16.19999999999946,-16.199999999999463,1,0.0,0.0,16.199999999999477,1.619999999999948,-27.589999999999094,False
23,75,20,-16.19999999999946,-16.199999999999463,1,0.0,0.0,16.199999999999477,1.619999999999948,-27.589999999999094,False
18,80,20,-16.19999999999946,-16.199999999999463,1,0.0,0.0,16.199999999999477,1.619999999999948,-27.589999999999094,False
22,80,15,-16.19999999999946,-16.199999999999463,1,0.0,0.0,16.199999999999477,1.619999999999948,-27.589999999999094,False
18,80,15,-16.19999999999946,-16.199999999999463,1,0.0,0.0,16.199999999999477,1.619999999999948,-27.589999999999094,False
19,80,15,-16.19999999999946,-16.199999999999463,1,0.0,0.0,16.199999999999477,1.619999999999948,-27.589999999999094,False
27,75,20,-16.19999999999946,-16.199999999999463,1,0.0,0.0,16.199999999999477,1.619999999999948,-27.589999999999094,False
29,75,15,-16.19999999999946,-16.199999999999463,1,0.0,0.0,16.199999999999477,1.619999999999948,-27.589999999999094,False
30,75,15,-16.19999999999946,-16.199999999999463,1,0.0,0.0,16.199999999999477,1.619999999999948,-27.589999999999094,False
27,75,15,-16.19999999999946,-16.199999999999463,1,0.0,0.0,16.199999999999477,1.619999999999948,-27.589999999999094,False
26,75,15,-16.19999999999946,-16.199999999999463,1,0.0,0.0,16.199999999999477,1.619999999999948,-27.589999999999094,False
26,75,20,-16.19999999999946,-16.199999999999463,1,0.0,0.0,16.199999999999477,1.619999999999948,-27.589999999999094,False
30,75,20,-16.19999999999946,-16.199999999999463,1,0.0,0.0,16.199999999999477,1.619999999999948,-27.589999999999094,False
12,85,15,-16.19999999999946,-16.199999999999463,1,0.0,0.0,16.199999999999477,1.619999999999948,-27.589999999999094,False
25,75,15,-16.19999999999946,-16.199999999999463,1,0.0,0.0,16.199999999999477,1.619999999999948,-27.589999999999094,False
24,75,15,-16.19999999999946,-16.199999999999463,1,0.0,0.0,16.199999999999477,1.619999999999948,-27.589999999999094,False
25,75,20,-16.19999999999946,-16.199999999999463,1,0.0,0.0,16.199999999999477,1.619999999999948,-27.589999999999094,False
17,80,20,-16.19999999999946,-16.199999999999463,1,0.0,0.0,16.199999999999477,1.619999999999948,-27.589999999999094,False
13,85,15,-16.19999999999946,-16.199999999999463,1,0.0,0.0,16.199999999999477,1.619999999999948,-27.589999999999094,False
15,85,15,-16.19999999999946,-16.199999999999463,1,0.0,0.0,16.199999999999477,1.619999999999948,-27.589999999999094,False
22,80,20,-16.19999999999946,-16.199999999999463,1,0.0,0.0,16.199999999999477,1.619999999999948,-27.589999999999094,False
20,80,15,-16.19999999999946,-16.199999999999463,1,0.0,0.0,16.199999999999477,1.619999999999948,-27.589999999999094,False
22,75,15,-16.19999999999946,-16.199999999999463,1,0.0,0.0,16.199999999999477,1.619999999999948,-27.589999999999094,False
22,75,20,-16.19999999999946,-16.199999999999463,1,0.0,0.0,16.199999999999477,1.619999999999948,-27.589999999999094,False
21,80,15,-16.19999999999946,-16.199999999999463,1,0.0,0.0,16.199999999999477,1.619999999999948,-27.589999999999094,False
20,80,20,-16.19999999999946,-16.199999999999463,1,0.0,0.0,16.199999999999477,1.619999999999948,-27.589999999999094,False
28,75,20,-16.19999999999946,-16.199999999999463,1,0.0,0.0,16.199999999999477,1.619999999999948,-27.589999999999094,False
28,75,15,-16.19999999999946,-16.199999999999463,1,0.0,0.0,16.199999999999477,1.619999999999948,-27.589999999999094,False
21,80,20,-16.19999999999946,-16.199999999999463,1,0.0,0.0,16.199999999999477,1.619999999999948,-27.589999999999094,False
29,75,20,-16.19999999999946,-16.199999999999463,1,0.0,0.0,16.199999999999477,1.619999999999948,-27.589999999999094,False
24,75,20,-16.19999999999946,-16.199999999999463,1,0.0,0.0,16.199999999999477,1.619999999999948,-27.589999999999094,False
14,85,15,-16.19999999999946,-16.199999999999463,1,0.0,0.0,16.199999999999477,1.619999999999948,-27.589999999999094,False
17,80,15,-16.19999999999946,-16.199999999999463,1,0.0,0.0,16.199999999999477,1.619999999999948,-27.589999999999094,False
16,85,15,-16.19999999999946,-16.199999999999463,1,0.0,0.0,16.199999999999477,1.619999999999948,-27.589999999999094,False
16,80,15,-16.19999999999946,-16.199999999999463,1,0.0,0.0,16.199999999999477,1.619999999999948,-27.589999999999094,False
14,65,25,-203.6999999999834,-203.69999999998393,48,33.33333333333333,0.59623389494551,222.79999999998336,22.279999999998335,-28.726666666638458,False
6,75,30,-224.699999999974,-224.69999999997484,77,37.66233766233766,0.7081439147941526,253.19999999997765,25.319999999997766,-29.166623376581676,False
7,75,15,-214.6999999999817,-214.6999999999824,53,33.9622641509434,0.6118242632435563,217.2999999999821,21.673648513862158,-29.837358490535188,False
8,65,20,-224.09999999997788,-224.09999999997873,64,35.9375,0.6586443259710804,242.19999999997935,24.219999999997935,-37.46499999996338,False
6,80,30,-219.19999999997674,-219.19999999997736,67,37.3134328358209,0.6778365667254785,290.7999999999778,29.07999999999778,-52.97567164175221,False
10,85,35,-203.5999999999829,-203.5999999999833,47,34.04255319148936,0.5945838311429911,268.19999999998527,26.81999999999853,-53.26446808507897,False
8,65,15,-218.29999999998074,-218.29999999998117,55,34.54545454545455,0.6206776715899422,255.89999999998065,24.662683114878625,-54.72545454542171,False
21,75,20,-32.39999999999892,-32.399999999998926,2,0.0,0.0,32.399999999998954,3.239999999999896,-55.17999999999819,False
21,75,15,-32.39999999999892,-32.399999999998926,2,0.0,0.0,32.399999999998954,3.239999999999896,-55.17999999999819,False
8,75,35,-223.6999999999757,-223.69999999997626,73,36.986301369863014,0.6941063858881671,282.999999999976,28.2999999999976,-55.58698630132877,False
13,65,15,-215.09999999998405,-215.09999999998453,44,31.818181818181817,0.5502822496341391,227.99999999998454,22.799999999998455,-58.71818181815503,False
7,75,20,-217.8999999999784,-217.8999999999792,64,35.9375,0.6649238812855822,284.9999999999807,28.499999999998067,-61.22499999996485,False
6,65,35,-243.49999999997414,-243.49999999997485,76,36.84210526315789,0.6837251591115955,269.3999999999771,26.93999999999771,-67.45894736837919,False
20,75,20,-48.599999999998374,-48.59999999999839,3,0.0,0.0,48.59999999999843,4.859999999999843,-82.76999999999728,False
15,80,15,-48.599999999998374,-48.59999999999839,3,0.0,0.0,48.59999999999843,4.859999999999843,-82.76999999999728,False
13,80,15,-48.599999999998374,-48.59999999999839,3,0.0,0.0,48.59999999999843,4.859999999999843,-82.76999999999728,False
14,80,15,-48.599999999998374,-48.59999999999839,3,0.0,0.0,48.59999999999843,4.859999999999843,-82.76999999999728,False
20,75,15,-48.599999999998374,-48.59999999999839,3,0.0,0.0,48.59999999999843,4.859999999999843,-82.76999999999728,False
6,75,35,-257.099999999973,-257.09999999997376,79,36.708860759493675,0.6795463043749446,275.19999999997424,27.519999999997424,-86.60139240501822,False
10,70,15,-225.09999999998396,-225.09999999998448,45,31.11111111111111,0.5390129019045844,244.19999999998402,24.419999999998403,-87.1788888888617,False
11,65,15,-236.09999999998232,-236.09999999998277,50,32.0,0.5602533060160362,241.59999999998342,24.15999999999834,-87.7199999999707,False
5,70,15,-256.49999999997686,-256.4999999999774,66,34.84848484848485,0.6276672956887999,259.0999999999772,25.842808697384502,-92.6851515151124,False
7,85,30,-230.79999999998074,-230.7999999999812,53,33.9622641509434,0.5929453262786796,287.59999999998126,28.759999999998126,-95.14735849053366,False
6,80,35,-254.39999999997517,-254.3999999999758,69,36.231884057971016,0.6430976430976655,290.7999999999778,29.07999999999778,-99.09115942024944,False
12,65,25,-248.09999999997908,-248.09999999997976,59,33.89830508474576,0.6024675532767383,273.9999999999824,27.399999999998236,-103.86694915250918,False
8,85,35,-248.39999999997895,-248.3999999999793,58,34.48275862068966,0.5964912280701956,282.3999999999801,28.093911659369255,-104.15241379306846,False
8,70,15,-249.69999999998117,-249.69999999998188,53,32.075471698113205,0.5613911821535402,273.9999999999824,26.894385551627636,-123.3952830188368,False
9,70,15,-254.89999999998233,-254.89999999998284,49,30.612244897959183,0.5252374743900339,257.49999999998283,25.683223618589935,-131.47755102037848,False
9,85,35,-253.2999999999806,-253.29999999998088,52,32.69230769230769,0.5532627865961389,308.9999999999819,30.740151213686985,-145.27692307689105,False
9,65,15,-272.09999999998024,-272.0999999999807,54,31.48148148148148,0.5401385837417788,274.6999999999807,27.398763215637402,-152.27518518515194,False
12,65,15,-263.6999999999824,-263.699999999983,47,29.78723404255319,0.4995255266654179,263.6999999999824,26.369999999998246,-152.76765957443823,False
10,65,15,-274.69999999998083,-274.6999999999814,52,30.76923076923077,0.5226759339704777,274.6999999999807,27.469999999998073,-161.89769230765964,False
5,80,30,-320.8999999999726,-320.89999999997315,79,34.177215189873415,0.6126735063367732,337.39999999997156,33.73999999999715,-219.25784810121849,False
5,80,15,-320.29999999997654,-320.2999999999769,66,31.818181818181817,0.5520906166969834,323.19999999997674,32.23618591661446,-231.658181818142,False
5,80,35,-337.09999999997206,-337.0999999999726,80,33.75,0.6009234047591057,353.59999999997103,35.35999999999711,-251.1199999999518,False
