2025.11.19	00:00	1.05505	1.05509	1.05491	1.05502	433
2025.11.19	01:00	1.05475	1.05481	1.05468	1.05468	281
2025.11.19	02:00	1.05538	1.05568	1.05515	1.05528	460
2025.11.19	03:00	1.05535	1.05549	1.05519	1.05542	281
2025.11.19	04:00	1.05591	1.05625	1.05588	1.05612	463
2025.11.19	05:00	1.05604	1.05611	1.05603	1.05611	430
2025.11.19	06:00	1.05628	1.05651	1.05612	1.05635	478
2025.11.19	07:00	1.05623	1.05626	1.05593	1.05622	69
2025.11.19	08:00	1.05623	1.05641	1.05619	1.05627	449
2025.11.19	09:00	1.05603	1.05613	1.05594	1.05599	260
2025.11.19	10:00	1.05585	1.05616	1.05569	1.05609	318
2025.11.19	11:00	1.05638	1.05653	1.05636	1.05643	65
2025.11.19	12:00	1.0564	1.05657	1.0561	1.0563	281
2025.11.19	13:00	1.05607	1.05618	1.05596	1.05608	339
2025.11.19	14:00	1.05623	1.05631	1.05608	1.05616	362
2025.11.19	15:00	1.05608	1.05612	1.05597	1.0561	171
2025.11.19	16:00	1.05692	1.057	1.05672	1.05684	299
2025.11.19	17:00	1.05709	1.05739	1.05689	1.05701	173
2025.11.19	18:00	1.05671	1.05692	1.05666	1.05673	366
2025.11.19	19:00	1.05669	1.05682	1.05651	1.05652	208
2025.11.19	20:00	1.05588	1.05603	1.05585	1.05601	82
2025.11.19	21:00	1.05587	1.05621	1.05581	1.05597	320
2025.11.19	22:00	1.05569	1.05578	1.05547	1.05566	157
2025.11.19	23:00	1.05595	1.05624	1.0559	1.05603	115
2025.11.20	00:00	1.05592	1.05605	1.05581	1.056	56
2025.11.20	01:00	1.0562	1.05642	1.05609	1.05623	257
2025.11.20	02:00	1.05618	1.05662	1.05585	1.05603	280
2025.11.20	03:00	1.05609	1.0563	1.05588	1.05592	223
2025.11.20	04:00	1.05587	1.05605	1.05573	1.05583	493
2025.11.20	05:00	1.0564	1.05654	1.05633	1.05639	200
2025.11.20	06:00	1.05556	1.05573	1.05546	1.05553	315
2025.11.20	07:00	1.05615	1.05616	1.05608	1.05608	144
2025.11.20	08:00	1.05619	1.05632	1.05602	1.05616	230
2025.11.20	09:00	1.05586	1.05598	1.05573	1.05587	89
2025.11.20	10:00	1.05601	1.05612	1.05594	1.05612	398
2025.11.20	11:00	1.05618	1.05657	1.05591	1.05607	364
2025.11.20	12:00	1.05647	1.05663	1.05632	1.05654	461
2025.11.20	13:00	1.05608	1.0564	1.05607	1.05627	100
2025.11.20	14:00	1.05605	1.05612	1.05581	1.05598	328
2025.11.20	15:00	1.05644	1.05677	1.05638	1.05664	310
2025.11.20	16:00	1.05665	1.05667	1.05633	1.05664	486
2025.11.20	17:00	1.05665	1.05669	1.05632	1.05643	356
2025.11.20	18:00	1.05581	1.05593	1.0558	1.05581	369
2025.11.20	19:00	1.0561	1.05629	1.05591	1.05614	238
2025.11.20	20:00	1.05625	1.0564	1.05593	1.05626	427
2025.11.20	21:00	1.05592	1.05596	1.0556	1.05587	470
2025.11.20	22:00	1.05571	1.05572	1.0555	1.05564	253
2025.11.20	23:00	1.05514	1.05521	1.05496	1.05513	189
2025.11.21	00:00	1.05467	1.05471	1.05447	1.0547	299
2025.11.21	01:00	1.05467	1.05476	1.05448	1.05457	472
2025.11.21	02:00	1.05475	1.05512	1.05455	1.05464	407
2025.11.21	03:00	1.0542	1.05439	1.05397	1.05421	237
2025.11.21	04:00	1.05347	1.05376	1.05327	1.05366	251
2025.11.21	05:00	1.05336	1.05342	1.05315	1.05327	458
2025.11.21	06:00	1.05363	1.05385	1.05359	1.0536	356
2025.11.21	07:00	1.05325	1.05334	1.05314	1.05329	413
2025.11.21	08:00	1.05333	1.05342	1.05328	1.05335	431
2025.11.21	09:00	1.0533	1.05357	1.05317	1.0533	128
2025.11.21	10:00	1.05323	1.05328	1.05287	1.05312	264
2025.11.21	11:00	1.05287	1.05289	1.05271	1.05284	120
2025.11.21	12:00	1.05267	1.05274	1.05266	1.05271	171
2025.11.21	13:00	1.05255	1.05276	1.05254	1.05257	308
2025.11.21	14:00	1.05305	1.05323	1.05303	1.05307	123
2025.11.21	15:00	1.05325	1.05337	1.05324	1.05332	75
2025.11.21	16:00	1.05305	1.05319	1.0527	1.05302	132
2025.11.21	17:00	1.05297	1.05301	1.05287	1.0529	233
2025.11.21	18:00	1.05317	1.05333	1.05304	1.05314	85
2025.11.21	19:00	1.05285	1.05287	1.05265	1.05278	424
2025.11.21	20:00	1.05325	1.05333	1.0532	1.05321	156
2025.11.21	21:00	1.05304	1.05309	1.05291	1.05302	407
2025.11.21	22:00	1.05266	1.05284	1.05238	1.05274	76
2025.11.21	23:00	1.05266	1.05276	1.05256	1.05273	62
2025.11.24	00:00	1.05295	1.053	1.0527	1.05286	205
2025.11.24	01:00	1.05291	1.05302	1.05265	1.0529	454
2025.11.24	02:00	1.05266	1.05269	1.05253	1.05268	273
2025.11.24	03:00	1.05316	1.05317	1.05283	1.05314	367
2025.11.24	04:00	1.05233	1.05254	1.05217	1.05241	115
2025.11.24	05:00	1.0521	1.05229	1.05206	1.0522	205
2025.11.24	06:00	1.05154	1.05161	1.05144	1.05158	217
2025.11.24	07:00	1.05161	1.05186	1.05139	1.05148	298
2025.11.24	08:00	1.05179	1.05181	1.0516	1.05174	163
2025.11.24	09:00	1.0516	1.0517	1.05125	1.05145	483
2025.11.24	10:00	1.05159	1.05175	1.05142	1.05169	401
2025.11.24	11:00	1.05125	1.05132	1.05105	1.05112	326
2025.11.24	12:00	1.05076	1.051	1.05061	1.0508	241
2025.11.24	13:00	1.05076	1.05077	1.05072	1.05073	57
2025.11.24	14:00	1.0506	1.05095	1.05047	1.05077	252
2025.11.24	15:00	1.05137	1.05156	1.05124	1.05138	448
2025.11.24	16:00	1.052	1.0522	1.05175	1.05181	104
2025.11.24	17:00	1.05184	1.05235	1.05173	1.05201	471
2025.11.24	18:00	1.05218	1.05245	1.05208	1.0522	443
2025.11.24	19:00	1.05242	1.05242	1.05208	1.05215	60
2025.11.24	20:00	1.05248	1.05253	1.05243	1.05248	118
2025.11.24	21:00	1.05201	1.05208	1.05177	1.05197	379
2025.11.24	22:00	1.05228	1.05232	1.05207	1.0523	258
2025.11.24	23:00	1.052	1.05216	1.05187	1.05203	397
2025.11.25	00:00	1.05197	1.0523	1.05187	1.05217	127
2025.11.25	01:00	1.05235	1.05274	1.05206	1.05243	239
2025.11.25	02:00	1.05246	1.05277	1.05231	1.05249	139
2025.11.25	03:00	1.05247	1.05273	1.05232	1.0526	296
2025.11.25	04:00	1.0526	1.05282	1.0526	1.05268	278
2025.11.25	05:00	1.0524	1.05246	1.05222	1.05244	157
2025.11.25	06:00	1.05236	1.05262	1.05218	1.05241	221
2025.11.25	07:00	1.05259	1.05267	1.05256	1.05264	337
2025.11.25	08:00	1.05237	1.05247	1.0523	1.05237	226
2025.11.25	09:00	1.05235	1.05264	1.05212	1.05242	203
2025.11.25	10:00	1.05238	1.05252	1.0522	1.05239	471
2025.11.25	11:00	1.05273	1.0528	1.05255	1.05266	446
2025.11.25	12:00	1.05249	1.05261	1.05223	1.05247	147
2025.11.25	13:00	1.05254	1.05275	1.05239	1.05267	358
2025.11.25	14:00	1.05236	1.0526	1.05232	1.05234	225
2025.11.25	15:00	1.05217	1.05246	1.05197	1.05227	423
2025.11.25	16:00	1.05211	1.05229	1.05189	1.05202	169
2025.11.25	17:00	1.05203	1.05229	1.05191	1.05195	192
2025.11.25	18:00	1.0524	1.05258	1.05209	1.05238	87
2025.11.25	19:00	1.05225	1.05241	1.05207	1.05219	240
2025.11.25	20:00	1.05188	1.052	1.05166	1.05188	208
2025.11.25	21:00	1.05172	1.05192	1.05158	1.05188	274
2025.11.25	22:00	1.05195	1.05224	1.05173	1.05216	483
2025.11.25	23:00	1.05183	1.052	1.05181	1.05198	233
2025.11.26	00:00	1.05216	1.0524	1.05207	1.05221	434
2025.11.26	01:00	1.05249	1.05277	1.05222	1.05246	423
2025.11.26	02:00	1.05305	1.05325	1.053	1.05301	498
2025.11.26	03:00	1.0529	1.05302	1.05265	1.05277	201
2025.11.26	04:00	1.05255	1.05279	1.05252	1.05264	321
2025.11.26	05:00	1.05283	1.05293	1.05252	1.05277	489
2025.11.26	06:00	1.05328	1.05349	1.05315	1.05339	129
2025.11.26	07:00	1.05315	1.05349	1.05298	1.05312	108
2025.11.26	08:00	1.05314	1.05333	1.05301	1.05313	340
2025.11.26	09:00	1.05344	1.0535	1.0533	1.05346	213
2025.11.26	10:00	1.05336	1.05356	1.0532	1.05341	179
2025.11.26	11:00	1.05427	1.05474	1.0542	1.05429	105
2025.11.26	12:00	1.05403	1.05409	1.05382	1.05403	270
2025.11.26	13:00	1.054	1.05422	1.05399	1.05417	74
2025.11.26	14:00	1.05442	1.05456	1.05431	1.05441	195
2025.11.26	15:00	1.05397	1.05426	1.0538	1.05388	317
2025.11.26	16:00	1.05389	1.05392	1.05366	1.05389	97
2025.11.26	17:00	1.05386	1.05398	1.05364	1.05389	272
2025.11.26	18:00	1.05371	1.05376	1.05356	1.05362	461
2025.11.26	19:00	1.05367	1.05379	1.0534	1.05369	389
2025.11.26	20:00	1.05358	1.05363	1.05328	1.05348	319
2025.11.26	21:00	1.05389	1.05417	1.0538	1.05388	307
2025.11.26	22:00	1.05416	1.05437	1.05401	1.05424	157
2025.11.26	23:00	1.05443	1.05463	1.05442	1.0545	392
2025.11.27	00:00	1.05447	1.05469	1.05413	1.05453	62
2025.11.27	01:00	1.05444	1.05452	1.05411	1.05426	354
2025.11.27	02:00	1.05422	1.0543	1.05405	1.05412	63
2025.11.27	03:00	1.05366	1.05386	1.0534	1.05374	367
2025.11.27	04:00	1.05384	1.05414	1.05378	1.05381	181
2025.11.27	05:00	1.05324	1.05349	1.05306	1.05331	338
2025.11.27	06:00	1.05294	1.05302	1.05264	1.05275	418
2025.11.27	07:00	1.05261	1.05287	1.0526	1.05271	306
2025.11.27	08:00	1.05254	1.0526	1.05225	1.0525	351
2025.11.27	09:00	1.0525	1.05278	1.05229	1.05266	431
2025.11.27	10:00	1.05228	1.05239	1.05216	1.05229	189
2025.11.27	11:00	1.05193	1.05215	1.05192	1.05202	235
2025.11.27	12:00	1.05186	1.052	1.05148	1.05196	414
2025.11.27	13:00	1.05231	1.0526	1.05219	1.05244	173
2025.11.27	14:00	1.05244	1.05261	1.05223	1.05233	406
2025.11.27	15:00	1.05271	1.05295	1.05245	1.0527	362
2025.11.27	16:00	1.05304	1.0532	1.05276	1.05296	193
2025.11.27	17:00	1.0529	1.05309	1.05274	1.0528	210
2025.11.27	18:00	1.05247	1.05272	1.0523	1.0526	142
2025.11.27	19:00	1.05289	1.05309	1.05273	1.0528	306
2025.11.27	20:00	1.05248	1.05259	1.0522	1.05237	75
2025.11.27	21:00	1.0524	1.0526	1.05237	1.05256	174
2025.11.27	22:00	1.0527	1.05322	1.05256	1.05289	162
2025.11.27	23:00	1.0525	1.05262	1.05235	1.05259	387
2025.11.28	00:00	1.05238	1.05267	1.05224	1.05257	50
2025.11.28	01:00	1.05246	1.05252	1.05246	1.0525	487
2025.11.28	02:00	1.05245	1.05255	1.0524	1.05242	73
2025.11.28	03:00	1.05195	1.05212	1.05192	1.05202	389
2025.11.28	04:00	1.05187	1.05207	1.05176	1.05194	447
2025.11.28	05:00	1.05187	1.05214	1.05187	1.05187	438
2025.11.28	06:00	1.05201	1.05212	1.05199	1.052	477
2025.11.28	07:00	1.05211	1.05229	1.05177	1.05189	435
2025.11.28	08:00	1.05181	1.05199	1.0516	1.05186	499
2025.11.28	09:00	1.05201	1.05211	1.05198	1.05209	296
2025.11.28	10:00	1.05167	1.05176	1.05162	1.05169	97
2025.11.28	11:00	1.05165	1.05187	1.05145	1.05179	222
2025.11.28	12:00	1.05167	1.05184	1.0514	1.0515	150
2025.11.28	13:00	1.05152	1.05178	1.0515	1.05155	97
2025.11.28	14:00	1.05121	1.05133	1.05069	1.05129	253
2025.11.28	15:00	1.05168	1.05206	1.05138	1.05159	421
2025.11.28	16:00	1.05152	1.05163	1.05125	1.05148	354
2025.11.28	17:00	1.05151	1.05166	1.05146	1.05157	463
2025.11.28	18:00	1.05128	1.05146	1.05126	1.05133	422
2025.11.28	19:00	1.05117	1.05134	1.05106	1.05126	173
2025.11.28	20:00	1.05126	1.05143	1.05114	1.05135	167
2025.11.28	21:00	1.05123	1.05131	1.05108	1.05126	67
2025.11.28	22:00	1.05112	1.05136	1.05107	1.0513	139
2025.11.28	23:00	1.05191	1.05207	1.05167	1.05182	269
2025.12.01	00:00	1.05191	1.05196	1.05164	1.0518	403
2025.12.01	01:00	1.05208	1.05225	1.05191	1.05222	162
2025.12.01	02:00	1.05205	1.05236	1.052	1.0521	410
2025.12.01	03:00	1.05181	1.05181	1.05164	1.0517	192
2025.12.01	04:00	1.052	1.0522	1.0519	1.05199	112
2025.12.01	05:00	1.05197	1.05199	1.0519	1.05192	85
2025.12.01	06:00	1.05181	1.05193	1.05154	1.05173	125
2025.12.01	07:00	1.05212	1.0522	1.05206	1.0521	317
2025.12.01	08:00	1.05194	1.05212	1.05174	1.05199	156
2025.12.01	09:00	1.05193	1.05203	1.05168	1.05189	170
2025.12.01	10:00	1.05224	1.05228	1.05189	1.05212	286
2025.12.01	11:00	1.0524	1.05242	1.05226	1.05228	263
2025.12.01	12:00	1.05161	1.05175	1.05151	1.05171	493
2025.12.01	13:00	1.05183	1.05198	1.05136	1.05163	238
2025.12.01	14:00	1.05181	1.0522	1.05162	1.05168	391
2025.12.01	15:00	1.05173	1.05182	1.05171	1.05175	221
2025.12.01	16:00	1.05171	1.052	1.05134	1.05171	239
2025.12.01	17:00	1.0513	1.05134	1.05112	1.05117	80
2025.12.01	18:00	1.0513	1.05154	1.05097	1.05146	409
2025.12.01	19:00	1.05137	1.05151	1.05125	1.05145	473
2025.12.01	20:00	1.05204	1.05208	1.05182	1.05196	208
2025.12.01	21:00	1.05233	1.05239	1.05221	1.05232	53
2025.12.01	22:00	1.05188	1.0519	1.0515	1.05181	243
2025.12.01	23:00	1.05198	1.05208	1.05185	1.05189	186
2025.12.02	00:00	1.05195	1.05205	1.05187	1.05189	388
2025.12.02	01:00	1.05177	1.05187	1.05148	1.05167	346
2025.12.02	02:00	1.05167	1.05193	1.05146	1.0517	219
2025.12.02	03:00	1.05119	1.05128	1.05111	1.05121	456
2025.12.02	04:00	1.05181	1.05195	1.05176	1.05182	384
2025.12.02	05:00	1.05171	1.05176	1.05162	1.05166	428
2025.12.02	06:00	1.05107	1.05134	1.05081	1.05102	206
2025.12.02	07:00	1.0505	1.05061	1.05042	1.05052	435
2025.12.02	08:00	1.05047	1.05067	1.05039	1.05051	481
2025.12.02	09:00	1.05025	1.05028	1.04999	1.05027	269
2025.12.02	10:00	1.04999	1.05018	1.04977	1.04985	459
2025.12.02	11:00	1.04932	1.04979	1.04924	1.04932	317
2025.12.02	12:00	1.04974	1.04985	1.04962	1.04965	97
2025.12.02	13:00	1.04965	1.04973	1.04926	1.04949	380
2025.12.02	14:00	1.04964	1.04964	1.04955	1.04959	352
2025.12.02	15:00	1.0493	1.04939	1.04904	1.04916	436
2025.12.02	16:00	1.04938	1.04952	1.04926	1.04943	264
2025.12.02	17:00	1.04919	1.0492	1.04886	1.04916	196
2025.12.02	18:00	1.04967	1.04976	1.04935	1.04957	263
2025.12.02	19:00	1.04964	1.04965	1.04945	1.04961	105
2025.12.02	20:00	1.04991	1.05004	1.04948	1.04972	159
2025.12.02	21:00	1.04976	1.05012	1.04952	1.04989	82
2025.12.02	22:00	1.04954	1.04969	1.04946	1.04962	96
2025.12.02	23:00	1.04881	1.04903	1.04878	1.04891	467
2025.12.03	00:00	1.04867	1.04892	1.04833	1.04872	289
2025.12.03	01:00	1.04814	1.0484	1.04795	1.04799	407
2025.12.03	02:00	1.04812	1.04815	1.0478	1.0481	457
2025.12.03	03:00	1.04801	1.04823	1.04796	1.04811	157
2025.12.03	04:00	1.04808	1.04828	1.04802	1.04804	196
2025.12.03	05:00	1.04833	1.04863	1.04817	1.04846	206
2025.12.03	06:00	1.04888	1.04899	1.04872	1.04886	319
2025.12.03	07:00	1.0488	1.04886	1.04866	1.04885	80
2025.12.03	08:00	1.04873	1.04894	1.04866	1.04882	261
2025.12.03	09:00	1.04911	1.04915	1.04896	1.04899	338
2025.12.03	10:00	1.04852	1.04862	1.04844	1.0486	247
2025.12.03	11:00	1.04821	1.04827	1.04787	1.04826	470
2025.12.03	12:00	1.049	1.04918	1.04882	1.04901	194
2025.12.03	13:00	1.04918	1.04938	1.04902	1.04936	329
2025.12.03	14:00	1.04916	1.04935	1.04893	1.04903	230
2025.12.03	15:00	1.04905	1.04919	1.04903	1.04916	233
2025.12.03	16:00	1.04979	1.04987	1.04958	1.04984	68
2025.12.03	17:00	1.04932	1.04932	1.0491	1.04931	194
2025.12.03	18:00	1.04973	1.04997	1.04957	1.04979	138
2025.12.03	19:00	1.0501	1.05015	1.04994	1.05003	470
2025.12.03	20:00	1.05021	1.05028	1.05	1.05015	182
2025.12.03	21:00	1.05029	1.0504	1.05013	1.05036	268
2025.12.03	22:00	1.05025	1.05028	1.05	1.05018	353
2025.12.03	23:00	1.05027	1.05033	1.05009	1.05029	71
2025.12.04	00:00	1.05085	1.05094	1.05078	1.0508	348
2025.12.04	01:00	1.05044	1.05069	1.05023	1.05032	61
2025.12.04	02:00	1.05018	1.05046	1.04974	1.0503	105
2025.12.04	03:00	1.05125	1.05129	1.05106	1.05114	374
2025.12.04	04:00	1.05154	1.05166	1.05134	1.05148	69
2025.12.04	05:00	1.05137	1.05176	1.05107	1.05139	279
2025.12.04	06:00	1.05145	1.05168	1.05142	1.05149	317
2025.12.04	07:00	1.05169	1.05178	1.05144	1.05157	448
2025.12.04	08:00	1.05222	1.05239	1.05208	1.05227	383
2025.12.04	09:00	1.05246	1.05256	1.05234	1.05241	199
2025.12.04	10:00	1.05247	1.05256	1.05236	1.05245	83
2025.12.04	11:00	1.05304	1.05309	1.05292	1.05306	443
2025.12.04	12:00	1.05284	1.05289	1.05271	1.0528	218
2025.12.04	13:00	1.05294	1.05334	1.05279	1.05318	166
2025.12.04	14:00	1.05332	1.05336	1.05325	1.05327	294
2025.12.04	15:00	1.05343	1.05361	1.05323	1.05347	174
2025.12.04	16:00	1.05401	1.05418	1.0539	1.05414	53
2025.12.04	17:00	1.05413	1.05423	1.05399	1.05402	184
2025.12.04	18:00	1.05403	1.05418	1.0539	1.05391	171
2025.12.04	19:00	1.05373	1.0539	1.0535	1.05363	492
2025.12.04	20:00	1.05361	1.05369	1.0536	1.05364	336
2025.12.04	21:00	1.05365	1.05406	1.05361	1.05376	410
2025.12.04	22:00	1.05376	1.05395	1.05357	1.05376	362
2025.12.04	23:00	1.05439	1.05481	1.05422	1.05458	126
2025.12.05	00:00	1.05458	1.05479	1.05425	1.05471	361
2025.12.05	01:00	1.0553	1.05545	1.05506	1.05535	160
2025.12.05	02:00	1.0553	1.05544	1.05521	1.05525	80
2025.12.05	03:00	1.05562	1.05603	1.05559	1.05578	412
2025.12.05	04:00	1.0554	1.05547	1.05533	1.05546	160
2025.12.05	05:00	1.05495	1.05525	1.05441	1.05483	180
2025.12.05	06:00	1.05461	1.05485	1.05441	1.05451	454
2025.12.05	07:00	1.05471	1.05491	1.05468	1.05478	337
2025.12.05	08:00	1.05458	1.05479	1.05437	1.05448	424
2025.12.05	09:00	1.0543	1.05438	1.05425	1.05432	354
2025.12.05	10:00	1.05464	1.05487	1.0545	1.05466	267
2025.12.05	11:00	1.0549	1.05494	1.05472	1.05493	241
2025.12.05	12:00	1.05497	1.05522	1.05473	1.05504	490
2025.12.05	13:00	1.05521	1.05534	1.05506	1.0551	191
2025.12.05	14:00	1.05536	1.05569	1.05498	1.05533	188
2025.12.05	15:00	1.05533	1.05541	1.05513	1.05519	139
2025.12.05	16:00	1.05456	1.0549	1.05441	1.05453	119
2025.12.05	17:00	1.05484	1.05502	1.05454	1.05498	245
2025.12.05	18:00	1.05551	1.05558	1.05543	1.05554	252
2025.12.05	19:00	1.05527	1.05538	1.05513	1.05534	336
2025.12.05	20:00	1.05585	1.056	1.05566	1.05598	305
2025.12.05	21:00	1.05637	1.05646	1.05633	1.05635	437
2025.12.05	22:00	1.05648	1.05652	1.05637	1.0565	422
2025.12.05	23:00	1.05683	1.05684	1.0568	1.05683	111
2025.12.08	00:00	1.05619	1.05636	1.05618	1.05619	455
2025.12.08	01:00	1.05618	1.05651	1.05614	1.05624	321
2025.12.08	02:00	1.05604	1.05615	1.05603	1.05611	161
2025.12.08	03:00	1.05648	1.0566	1.05645	1.05653	207
2025.12.08	04:00	1.05642	1.05646	1.05611	1.05636	488
2025.12.08	05:00	1.05634	1.05638	1.05619	1.05631	459
2025.12.08	06:00	1.05623	1.05628	1.05616	1.05628	106
2025.12.08	07:00	1.05643	1.05659	1.05627	1.05651	153
2025.12.08	08:00	1.05683	1.0572	1.05674	1.057	407
2025.12.08	09:00	1.05703	1.05719	1.05679	1.057	380
2025.12.08	10:00	1.0569	1.05691	1.05688	1.0569	224
2025.12.08	11:00	1.0566	1.05692	1.05658	1.05662	488
2025.12.08	12:00	1.05642	1.05654	1.05635	1.05638	142
2025.12.08	13:00	1.05669	1.05684	1.05663	1.05671	243
2025.12.08	14:00	1.05671	1.05678	1.05659	1.05666	331
2025.12.08	15:00	1.05645	1.05662	1.05629	1.05632	253
2025.12.08	16:00	1.05617	1.0564	1.05615	1.05628	89
2025.12.08	17:00	1.05636	1.05652	1.0561	1.05638	176
2025.12.08	18:00	1.05665	1.05698	1.05656	1.05672	344
2025.12.08	19:00	1.05691	1.05704	1.05675	1.05678	295
2025.12.08	20:00	1.0566	1.05699	1.05642	1.05677	172
2025.12.08	21:00	1.05669	1.05704	1.05662	1.05671	230
2025.12.08	22:00	1.05721	1.05733	1.05699	1.05731	300
2025.12.08	23:00	1.05771	1.05775	1.05755	1.05762	69
2025.12.09	00:00	1.05746	1.05766	1.05742	1.05747	295
2025.12.09	01:00	1.05699	1.05709	1.05691	1.05708	422
2025.12.09	02:00	1.05758	1.05768	1.05751	1.05763	422
2025.12.09	03:00	1.0574	1.05754	1.05714	1.05747	239
2025.12.09	04:00	1.05775	1.0579	1.05759	1.05764	491
2025.12.09	05:00	1.05747	1.05758	1.0573	1.0574	401
2025.12.09	06:00	1.05659	1.05676	1.05617	1.05647	279
2025.12.09	07:00	1.05587	1.05598	1.05584	1.05597	223
2025.12.09	08:00	1.05563	1.05579	1.05545	1.05556	374
2025.12.09	09:00	1.05541	1.05541	1.05536	1.05536	226
2025.12.09	10:00	1.05555	1.05576	1.0555	1.05554	297
2025.12.09	11:00	1.05536	1.05541	1.05523	1.05525	302
2025.12.09	12:00	1.05478	1.05487	1.05464	1.05487	498
2025.12.09	13:00	1.05487	1.05496	1.05464	1.05488	172
2025.12.09	14:00	1.05567	1.05601	1.05563	1.05587	284
2025.12.09	15:00	1.05603	1.05621	1.05582	1.05607	468
2025.12.09	16:00	1.05559	1.05579	1.05545	1.05573	131
2025.12.09	17:00	1.0558	1.0559	1.05563	1.05583	360
2025.12.09	18:00	1.05617	1.05678	1.05608	1.05616	383
2025.12.09	19:00	1.0561	1.05654	1.05604	1.05623	214
2025.12.09	20:00	1.05631	1.05644	1.05585	1.05614	237
2025.12.09	21:00	1.05592	1.05636	1.0559	1.05603	353
2025.12.09	22:00	1.05632	1.05646	1.05604	1.05631	463
2025.12.09	23:00	1.05623	1.05649	1.05583	1.0562	315
2025.12.10	00:00	1.0569	1.05699	1.05674	1.05687	141
2025.12.10	01:00	1.05672	1.05694	1.05657	1.05664	218
2025.12.10	02:00	1.05682	1.05714	1.05682	1.05706	278
2025.12.10	03:00	1.0569	1.05728	1.05683	1.05703	51
2025.12.10	04:00	1.05709	1.05718	1.05691	1.057	319
2025.12.10	05:00	1.0567	1.057	1.05646	1.05664	414
2025.12.10	06:00	1.05628	1.0564	1.05611	1.05622	335
2025.12.10	07:00	1.05595	1.05612	1.05587	1.05609	405
2025.12.10	08:00	1.05605	1.0563	1.05578	1.05598	414
2025.12.10	09:00	1.05577	1.05598	1.05566	1.05584	481
2025.12.10	10:00	1.05569	1.05599	1.05551	1.05558	214
2025.12.10	11:00	1.05524	1.05527	1.05515	1.05521	197
2025.12.10	12:00	1.05507	1.0552	1.05491	1.055	200
2025.12.10	13:00	1.05479	1.05485	1.0547	1.05474	210
2025.12.10	14:00	1.05482	1.05497	1.05461	1.05483	153
2025.12.10	15:00	1.05491	1.05505	1.05458	1.05463	281
2025.12.10	16:00	1.05468	1.05516	1.05467	1.05483	302
2025.12.10	17:00	1.0539	1.05408	1.05368	1.05387	195
2025.12.10	18:00	1.05407	1.05433	1.05405	1.05422	89
2025.12.10	19:00	1.05353	1.05371	1.05334	1.05362	422
2025.12.10	20:00	1.05339	1.05371	1.05319	1.05338	429
2025.12.10	21:00	1.05358	1.0539	1.0534	1.05373	289
2025.12.10	22:00	1.05346	1.05368	1.05337	1.05344	160
2025.12.10	23:00	1.05313	1.05322	1.05289	1.05318	406
2025.12.11	00:00	1.05329	1.05345	1.05322	1.05342	269
2025.12.11	01:00	1.05291	1.05312	1.05272	1.05286	119
2025.12.11	02:00	1.05312	1.05335	1.05301	1.05327	186
2025.12.11	03:00	1.05304	1.05359	1.05295	1.05312	189
2025.12.11	04:00	1.05301	1.05306	1.05299	1.053	336
2025.12.11	05:00	1.05297	1.05301	1.05263	1.05287	308
2025.12.11	06:00	1.05305	1.05329	1.05296	1.05306	449
2025.12.11	07:00	1.05353	1.05357	1.05337	1.05344	70
2025.12.11	08:00	1.05373	1.05392	1.05359	1.05382	498
2025.12.11	09:00	1.05355	1.05371	1.05349	1.0536	102
2025.12.11	10:00	1.05372	1.05409	1.05372	1.05377	152
2025.12.11	11:00	1.05328	1.05334	1.05304	1.05306	353
2025.12.11	12:00	1.05353	1.05382	1.05353	1.05363	236
2025.12.11	13:00	1.05369	1.05397	1.05347	1.05364	241
2025.12.11	14:00	1.0535	1.05355	1.05334	1.05347	429
2025.12.11	15:00	1.05351	1.05384	1.05332	1.05363	65
2025.12.11	16:00	1.05378	1.05417	1.05339	1.05372	240
2025.12.11	17:00	1.0544	1.05466	1.0543	1.05442	179
2025.12.11	18:00	1.05428	1.05431	1.05418	1.0543	246
2025.12.11	19:00	1.05381	1.05404	1.05365	1.05389	143
2025.12.11	20:00	1.05387	1.05389	1.05341	1.05383	307
2025.12.11	21:00	1.05338	1.05356	1.05326	1.05348	116
2025.12.11	22:00	1.05365	1.05374	1.05351	1.05361	464
2025.12.11	23:00	1.05365	1.05393	1.05348	1.05359	283
2025.12.12	00:00	1.05331	1.05343	1.05283	1.05309	164
2025.12.12	01:00	1.05252	1.05283	1.05243	1.05262	346
2025.12.12	02:00	1.05243	1.05254	1.05237	1.05252	497
2025.12.12	03:00	1.05302	1.0531	1.05289	1.05301	140
2025.12.12	04:00	1.05274	1.05302	1.05268	1.05271	219
2025.12.12	05:00	1.05248	1.05281	1.05241	1.05256	390
2025.12.12	06:00	1.0525	1.0526	1.05241	1.05251	343
2025.12.12	07:00	1.05229	1.05254	1.05222	1.05228	425
2025.12.12	08:00	1.05254	1.05267	1.05248	1.05266	312
2025.12.12	09:00	1.0524	1.05257	1.05233	1.05255	377
2025.12.12	10:00	1.05216	1.05243	1.05199	1.05219	436
2025.12.12	11:00	1.05247	1.05279	1.05209	1.0526	117
2025.12.12	12:00	1.0529	1.05294	1.05279	1.0529	167
2025.12.12	13:00	1.0533	1.05342	1.05312	1.05338	53
2025.12.12	14:00	1.05404	1.05417	1.05372	1.05403	286
2025.12.12	15:00	1.05391	1.05424	1.05385	1.05407	332
2025.12.12	16:00	1.05397	1.0542	1.05396	1.05409	167
2025.12.12	17:00	1.05411	1.05424	1.05394	1.05413	477
2025.12.12	18:00	1.05404	1.0543	1.05384	1.05409	299
2025.12.12	19:00	1.05378	1.05407	1.05366	1.05379	423
2025.12.12	20:00	1.05347	1.05359	1.05325	1.05355	144
2025.12.12	21:00	1.05329	1.05352	1.05318	1.05319	158
2025.12.12	22:00	1.0534	1.05368	1.05339	1.05341	401
2025.12.12	23:00	1.05408	1.05426	1.0539	1.05401	360
2025.12.15	00:00	1.05384	1.05403	1.05377	1.05385	78
2025.12.15	01:00	1.05398	1.05417	1.05385	1.05406	204
2025.12.15	02:00	1.0546	1.05474	1.05437	1.05466	125
2025.12.15	03:00	1.05438	1.05466	1.05429	1.05444	453
2025.12.15	04:00	1.0544	1.05469	1.05433	1.0546	344
2025.12.15	05:00	1.05483	1.05484	1.05462	1.05474	437
2025.12.15	06:00	1.05434	1.05441	1.05416	1.0542	426
2025.12.15	07:00	1.05457	1.05476	1.05448	1.05458	285
2025.12.15	08:00	1.05487	1.05497	1.05464	1.05472	367
2025.12.15	09:00	1.05475	1.05496	1.05449	1.05462	327
2025.12.15	10:00	1.05426	1.05437	1.05423	1.05434	461
2025.12.15	11:00	1.0544	1.05454	1.05422	1.05446	395
2025.12.15	12:00	1.05466	1.05479	1.05438	1.05473	370
2025.12.15	13:00	1.05449	1.05462	1.05435	1.05454	85
2025.12.15	14:00	1.0549	1.05496	1.05459	1.05479	406
2025.12.15	15:00	1.05413	1.05458	1.05399	1.05407	225
2025.12.15	16:00	1.0539	1.05392	1.05359	1.05377	438
2025.12.15	17:00	1.05423	1.05436	1.05412	1.05431	498
2025.12.15	18:00	1.05398	1.05408	1.05398	1.05408	139
2025.12.15	19:00	1.05429	1.05432	1.05409	1.05421	490
2025.12.15	20:00	1.05455	1.05481	1.05437	1.05453	303
2025.12.15	21:00	1.0545	1.05472	1.05446	1.05457	393
2025.12.15	22:00	1.05454	1.05464	1.05418	1.0545	334
2025.12.15	23:00	1.05469	1.05504	1.05462	1.05464	149
2025.12.16	00:00	1.05386	1.054	1.05362	1.05386	382
2025.12.16	01:00	1.05363	1.05369	1.05316	1.05351	414
2025.12.16	02:00	1.05316	1.05316	1.05286	1.05299	427
2025.12.16	03:00	1.05285	1.05307	1.05267	1.0528	54
2025.12.16	04:00	1.0533	1.05348	1.05306	1.05318	286
2025.12.16	05:00	1.05351	1.05368	1.05339	1.05367	366
2025.12.16	06:00	1.05359	1.0536	1.05351	1.05355	348
2025.12.16	07:00	1.05403	1.05425	1.05385	1.05413	298
2025.12.16	08:00	1.05421	1.05454	1.05419	1.05431	113
2025.12.16	09:00	1.05408	1.05408	1.05381	1.05405	140
2025.12.16	10:00	1.05394	1.05412	1.05377	1.05397	348
2025.12.16	11:00	1.0543	1.05454	1.05416	1.05426	345
2025.12.16	12:00	1.05394	1.05416	1.0539	1.054	227
2025.12.16	13:00	1.05417	1.05448	1.05408	1.05412	162
2025.12.16	14:00	1.05387	1.05417	1.05376	1.05405	164
2025.12.16	15:00	1.0542	1.05426	1.05409	1.05414	431
2025.12.16	16:00	1.05431	1.05433	1.05418	1.05431	334
2025.12.16	17:00	1.05458	1.05466	1.05451	1.05454	205
2025.12.16	18:00	1.05442	1.05448	1.05419	1.05434	476
2025.12.16	19:00	1.0542	1.05429	1.05403	1.0541	474
2025.12.16	20:00	1.05426	1.05427	1.0541	1.05412	377
2025.12.16	21:00	1.05419	1.0543	1.05419	1.05423	315
2025.12.16	22:00	1.05452	1.0547	1.05437	1.05457	425
2025.12.16	23:00	1.05454	1.05494	1.05452	1.05471	81
2025.12.17	00:00	1.05461	1.05462	1.05446	1.05457	309
2025.12.17	01:00	1.05498	1.05518	1.0549	1.05508	156
2025.12.17	02:00	1.05521	1.05526	1.05515	1.0552	245
2025.12.17	03:00	1.05486	1.05488	1.0547	1.05477	480
2025.12.17	04:00	1.05529	1.05575	1.05523	1.0555	127
2025.12.17	05:00	1.05577	1.05605	1.05573	1.05584	481
2025.12.17	06:00	1.05564	1.05599	1.05556	1.05579	253
2025.12.17	07:00	1.05563	1.05582	1.05556	1.05559	482
2025.12.17	08:00	1.05531	1.05534	1.0552	1.05525	441
2025.12.17	09:00	1.05547	1.05557	1.05517	1.05537	112
2025.12.17	10:00	1.05526	1.0556	1.05501	1.0551	447
2025.12.17	11:00	1.05518	1.05523	1.05504	1.05516	82
2025.12.17	12:00	1.05506	1.0552	1.05491	1.05497	349
2025.12.17	13:00	1.05506	1.05509	1.05493	1.05503	494
2025.12.17	14:00	1.05447	1.05465	1.05443	1.05455	295
2025.12.17	15:00	1.05497	1.05505	1.05485	1.05491	90
2025.12.17	16:00	1.05518	1.05529	1.05494	1.05502	243
2025.12.17	17:00	1.05464	1.05469	1.0545	1.0546	167
2025.12.17	18:00	1.05464	1.05472	1.05454	1.05462	418
2025.12.17	19:00	1.05504	1.05529	1.05491	1.05499	380
2025.12.17	20:00	1.05497	1.0551	1.05476	1.05489	280
2025.12.17	21:00	1.05524	1.05544	1.05503	1.05527	361
2025.12.17	22:00	1.05577	1.05596	1.05557	1.05593	492
2025.12.17	23:00	1.05589	1.05611	1.05573	1.05606	368
2025.12.18	00:00	1.05591	1.05612	1.05583	1.05596	376
2025.12.18	01:00	1.056	1.05625	1.05586	1.05602	275
2025.12.18	02:00	1.05638	1.05653	1.05605	1.05619	292
2025.12.18	03:00	1.05634	1.05649	1.0563	1.05644	391
2025.12.18	04:00	1.0561	1.05611	1.05586	1.05598	459
2025.12.18	05:00	1.05616	1.05635	1.05599	1.05609	334
2025.12.18	06:00	1.05589	1.05591	1.05572	1.05586	60
2025.12.18	07:00	1.05622	1.05635	1.05616	1.0562	323
2025.12.18	08:00	1.05618	1.05624	1.05581	1.05614	81
2025.12.18	09:00	1.05583	1.05617	1.05544	1.05578	135
2025.12.18	10:00	1.05527	1.05529	1.05507	1.05528	244
2025.12.18	11:00	1.05489	1.05503	1.05489	1.05493	114
2025.12.18	12:00	1.05506	1.05525	1.05489	1.05517	459
2025.12.18	13:00	1.05502	1.05502	1.05489	1.05498	157
2025.12.18	14:00	1.05529	1.05542	1.05526	1.05528	184
2025.12.18	15:00	1.05535	1.05558	1.05531	1.05543	469
2025.12.18	16:00	1.05496	1.05508	1.05464	1.05493	375
2025.12.18	17:00	1.05445	1.05455	1.05423	1.05425	192
2025.12.18	18:00	1.05473	1.05481	1.05432	1.05464	144
2025.12.18	19:00	1.05516	1.0554	1.05511	1.05516	142
2025.12.18	20:00	1.05483	1.05524	1.0548	1.05492	319
2025.12.18	21:00	1.05554	1.05592	1.0554	1.05544	499
2025.12.18	22:00	1.05574	1.05577	1.05568	1.0557	412
2025.12.18	23:00	1.05515	1.05523	1.05507	1.05508	204
2025.12.19	00:00	1.05448	1.0547	1.05448	1.05467	310
2025.12.19	01:00	1.05473	1.05481	1.05465	1.0548	103
2025.12.19	02:00	1.05497	1.05512	1.05495	1.05502	298
2025.12.19	03:00	1.05499	1.05505	1.05475	1.05488	256
2025.12.19	04:00	1.05501	1.05514	1.05501	1.05507	51
2025.12.19	05:00	1.05502	1.05525	1.05496	1.055	486
2025.12.19	06:00	1.05426	1.05444	1.05417	1.05421	127
2025.12.19	07:00	1.05468	1.05481	1.05466	1.05479	360
2025.12.19	08:00	1.05471	1.05505	1.05458	1.05486	237
2025.12.19	09:00	1.05455	1.05481	1.05444	1.05467	345
2025.12.19	10:00	1.05435	1.05443	1.0542	1.05438	69
2025.12.19	11:00	1.05405	1.05429	1.0538	1.05414	206
2025.12.19	12:00	1.05401	1.05429	1.05391	1.0542	216
2025.12.19	13:00	1.05379	1.05384	1.05375	1.05381	289
2025.12.19	14:00	1.05393	1.05399	1.05383	1.05392	474
2025.12.19	15:00	1.05369	1.05384	1.0536	1.05373	85
2025.12.19	16:00	1.05369	1.05371	1.05356	1.05362	317
2025.12.19	17:00	1.05296	1.05304	1.05286	1.05294	498
2025.12.19	18:00	1.05281	1.05321	1.05274	1.05306	148
2025.12.19	19:00	1.05373	1.05374	1.05364	1.05367	381
2025.12.19	20:00	1.05383	1.05406	1.05379	1.05381	209
2025.12.19	21:00	1.05376	1.05384	1.05368	1.05369	375
2025.12.19	22:00	1.05387	1.05401	1.05385	1.05386	392
2025.12.19	23:00	1.05387	1.05396	1.05383	1.05389	260
2025.12.22	00:00	1.05464	1.05477	1.05434	1.05466	377
2025.12.22	01:00	1.05485	1.05513	1.05476	1.05477	229
2025.12.22	02:00	1.05479	1.05488	1.05474	1.05484	127
2025.12.22	03:00	1.05509	1.0552	1.05482	1.05491	360
2025.12.22	04:00	1.05526	1.05534	1.05519	1.05526	492
2025.12.22	05:00	1.05558	1.05582	1.05557	1.05573	128
2025.12.22	06:00	1.05559	1.05572	1.0553	1.0555	280
2025.12.22	07:00	1.05499	1.05528	1.05485	1.05495	349
2025.12.22	08:00	1.05495	1.05503	1.05475	1.0549	200
2025.12.22	09:00	1.05507	1.05511	1.05491	1.05501	145
2025.12.22	10:00	1.05483	1.0549	1.05469	1.05481	149
2025.12.22	11:00	1.05515	1.05517	1.05514	1.05517	168
2025.12.22	12:00	1.05547	1.05561	1.05523	1.05556	299
2025.12.22	13:00	1.05576	1.05593	1.05574	1.05574	334
2025.12.22	14:00	1.05567	1.0558	1.05552	1.05575	301
2025.12.22	15:00	1.05611	1.05621	1.05601	1.05608	416
2025.12.22	16:00	1.05634	1.05636	1.05624	1.05635	341
2025.12.22	17:00	1.05645	1.05673	1.05632	1.05654	203
2025.12.22	18:00	1.05661	1.05679	1.0564	1.05653	496
2025.12.22	19:00	1.05673	1.05707	1.05671	1.05682	333
2025.12.22	20:00	1.05653	1.05702	1.05625	1.0567	340
2025.12.22	21:00	1.05662	1.05668	1.05653	1.05663	312
2025.12.22	22:00	1.0564	1.0567	1.05616	1.05633	440
2025.12.22	23:00	1.05643	1.05668	1.05612	1.05621	295
2025.12.23	00:00	1.05631	1.05674	1.05605	1.05635	226
2025.12.23	01:00	1.05656	1.05668	1.05635	1.05651	477
2025.12.23	02:00	1.05709	1.05715	1.05688	1.05699	388
2025.12.23	03:00	1.05654	1.05675	1.05641	1.05654	237
2025.12.23	04:00	1.05665	1.05701	1.05659	1.05667	436
2025.12.23	05:00	1.05703	1.05727	1.057	1.05723	256
2025.12.23	06:00	1.05766	1.05775	1.0573	1.05757	309
2025.12.23	07:00	1.05735	1.05773	1.05721	1.05742	353
2025.12.23	08:00	1.05792	1.05795	1.05781	1.05783	73
2025.12.23	09:00	1.05783	1.05812	1.05768	1.05779	136
2025.12.23	10:00	1.05785	1.0579	1.05745	1.05774	138
2025.12.23	11:00	1.05817	1.05828	1.05788	1.05796	437
2025.12.23	12:00	1.05817	1.0583	1.05807	1.05824	486
2025.12.23	13:00	1.05808	1.05821	1.058	1.05813	275
2025.12.23	14:00	1.05789	1.05803	1.05776	1.05798	239
2025.12.23	15:00	1.05809	1.05812	1.0579	1.05808	367
2025.12.23	16:00	1.05727	1.05735	1.05726	1.05734	90
2025.12.23	17:00	1.05687	1.05713	1.05681	1.05694	154
2025.12.23	18:00	1.05751	1.05761	1.05739	1.05741	236
2025.12.23	19:00	1.05709	1.05728	1.05694	1.05702	78
2025.12.23	20:00	1.05655	1.05688	1.05626	1.05642	367
2025.12.23	21:00	1.05662	1.05677	1.05655	1.05666	430
2025.12.23	22:00	1.05692	1.05729	1.05675	1.05684	420
2025.12.23	23:00	1.05678	1.05685	1.0567	1.05672	347
2025.12.24	00:00	1.05694	1.05722	1.05677	1.05697	243
2025.12.24	01:00	1.057	1.05706	1.0566	1.05685	386
2025.12.24	02:00	1.05678	1.057	1.05667	1.05671	235
2025.12.24	03:00	1.05636	1.05636	1.05601	1.05635	223
2025.12.24	04:00	1.05661	1.05668	1.0564	1.05651	197
2025.12.24	05:00	1.05651	1.05669	1.0565	1.05663	318
2025.12.24	06:00	1.05697	1.05708	1.05672	1.05687	302
2025.12.24	07:00	1.05716	1.05717	1.05692	1.05715	244
2025.12.24	08:00	1.05655	1.05664	1.05648	1.05657	122
2025.12.24	09:00	1.05592	1.05627	1.05581	1.05596	201
2025.12.24	10:00	1.05568	1.05585	1.05553	1.05568	445
2025.12.24	11:00	1.05538	1.05551	1.05524	1.05533	308
2025.12.24	12:00	1.0552	1.05534	1.0551	1.05529	148
2025.12.24	13:00	1.05543	1.05553	1.05491	1.05524	494
2025.12.24	14:00	1.05574	1.0559	1.05543	1.05586	312
2025.12.24	15:00	1.05587	1.05592	1.05549	1.05574	391
2025.12.24	16:00	1.05565	1.05587	1.05563	1.05578	415
2025.12.24	17:00	1.05542	1.0557	1.05528	1.0554	248
2025.12.24	18:00	1.0552	1.05549	1.05503	1.0553	473
2025.12.24	19:00	1.05561	1.05577	1.05552	1.05569	426
2025.12.24	20:00	1.05537	1.05555	1.05534	1.05537	452
2025.12.24	21:00	1.05542	1.05559	1.05519	1.05553	437
2025.12.24	22:00	1.05579	1.05597	1.05572	1.05588	190
2025.12.24	23:00	1.05569	1.05595	1.05548	1.05577	266
2025.12.25	00:00	1.05622	1.05648	1.05587	1.05601	452
2025.12.25	01:00	1.05591	1.05612	1.05575	1.05586	339
2025.12.25	02:00	1.05612	1.0563	1.0559	1.05618	92
2025.12.25	03:00	1.05577	1.05582	1.05548	1.05581	383
2025.12.25	04:00	1.0564	1.0566	1.05628	1.05635	261
2025.12.25	05:00	1.05649	1.05679	1.056	1.05638	492
2025.12.25	06:00	1.05628	1.05667	1.0562	1.05639	452
2025.12.25	07:00	1.05638	1.0565	1.05632	1.05646	112
2025.12.25	08:00	1.05636	1.05657	1.05617	1.05621	417
2025.12.25	09:00	1.05586	1.05598	1.05574	1.05595	128
2025.12.25	10:00	1.05605	1.05617	1.05603	1.05612	118
2025.12.25	11:00	1.05545	1.05551	1.05528	1.05544	71
2025.12.25	12:00	1.05548	1.05549	1.05518	1.05521	317
2025.12.25	13:00	1.0557	1.05587	1.0555	1.05575	213
2025.12.25	14:00	1.05551	1.05556	1.05516	1.05524	267
2025.12.25	15:00	1.05558	1.05564	1.05539	1.05545	227
2025.12.25	16:00	1.05501	1.05514	1.05484	1.05506	221
2025.12.25	17:00	1.05576	1.05608	1.05574	1.05592	178
2025.12.25	18:00	1.05559	1.05569	1.0555	1.05558	125
2025.12.25	19:00	1.05589	1.05624	1.05588	1.05604	225
2025.12.25	20:00	1.05637	1.05662	1.05621	1.05632	267
2025.12.25	21:00	1.05605	1.05626	1.05604	1.05611	424
2025.12.25	22:00	1.05607	1.05628	1.05586	1.05609	57
2025.12.25	23:00	1.05554	1.05566	1.05548	1.05548	343
2025.12.26	00:00	1.05506	1.05535	1.05504	1.05524	333
2025.12.26	01:00	1.05548	1.05581	1.05532	1.05574	494
2025.12.26	02:00	1.05578	1.05585	1.05549	1.0557	300
2025.12.26	03:00	1.05533	1.05541	1.05516	1.05516	212
2025.12.26	04:00	1.05506	1.05517	1.05492	1.05506	282
2025.12.26	05:00	1.05537	1.05538	1.05514	1.05535	202
2025.12.26	06:00	1.05589	1.05614	1.05589	1.05596	276
2025.12.26	07:00	1.05591	1.05604	1.05576	1.056	306
2025.12.26	08:00	1.05619	1.05626	1.05578	1.0561	245
2025.12.26	09:00	1.0562	1.05643	1.05617	1.05622	485
2025.12.26	10:00	1.05611	1.05627	1.05584	1.05587	446
2025.12.26	11:00	1.05594	1.05594	1.05575	1.05582	187
2025.12.26	12:00	1.05562	1.05564	1.05546	1.05552	321
2025.12.26	13:00	1.05546	1.05557	1.05519	1.05536	469
2025.12.26	14:00	1.05574	1.05606	1.05559	1.05563	230
2025.12.26	15:00	1.05582	1.05589	1.05569	1.05579	61
2025.12.26	16:00	1.05556	1.05564	1.05529	1.05557	316
2025.12.26	17:00	1.05567	1.05575	1.05563	1.05569	249
2025.12.26	18:00	1.05567	1.05568	1.05519	1.05563	138
2025.12.26	19:00	1.05604	1.0563	1.05601	1.0561	328
2025.12.26	20:00	1.05625	1.0563	1.0562	1.05622	245
2025.12.26	21:00	1.05637	1.05654	1.05607	1.05632	221
2025.12.26	22:00	1.05604	1.05612	1.05586	1.0559	276
2025.12.26	23:00	1.05545	1.05551	1.05544	1.05548	303
2025.12.29	00:00	1.05552	1.05559	1.0555	1.05556	312
2025.12.29	01:00	1.05515	1.05529	1.05505	1.05507	398
2025.12.29	02:00	1.0552	1.05527	1.05498	1.05503	54
2025.12.29	03:00	1.05551	1.05574	1.05549	1.05556	347
2025.12.29	04:00	1.05557	1.05572	1.05536	1.05552	156
2025.12.29	05:00	1.05513	1.05535	1.05505	1.05507	209
2025.12.29	06:00	1.05481	1.05521	1.05478	1.05481	262
2025.12.29	07:00	1.05489	1.05512	1.05464	1.05483	187
2025.12.29	08:00	1.0542	1.05442	1.05411	1.05417	190
2025.12.29	09:00	1.05427	1.0545	1.05427	1.0544	259
2025.12.29	10:00	1.05431	1.05441	1.05425	1.05433	487
2025.12.29	11:00	1.05445	1.05465	1.05432	1.05445	416
2025.12.29	12:00	1.05406	1.05414	1.05379	1.05392	468
2025.12.29	13:00	1.05447	1.05468	1.05441	1.05455	54
2025.12.29	14:00	1.05476	1.05497	1.05475	1.05487	155
2025.12.29	15:00	1.05462	1.05465	1.05437	1.05458	161
2025.12.29	16:00	1.05462	1.05474	1.05442	1.0545	76
2025.12.29	17:00	1.0545	1.05473	1.0543	1.05457	162
2025.12.29	18:00	1.0545	1.05455	1.05413	1.05441	462
2025.12.29	19:00	1.05436	1.0545	1.05427	1.05449	301
2025.12.29	20:00	1.05403	1.05419	1.05398	1.05411	128
2025.12.29	21:00	1.05442	1.05454	1.05419	1.05438	286
2025.12.29	22:00	1.05436	1.05459	1.054	1.05439	70
2025.12.29	23:00	1.05402	1.05417	1.05386	1.05392	436
2025.12.30	00:00	1.05437	1.05441	1.05414	1.05436	101
2025.12.30	01:00	1.0544	1.05442	1.05433	1.05438	219
2025.12.30	02:00	1.05465	1.05487	1.05444	1.0548	67
2025.12.30	03:00	1.05472	1.05493	1.05457	1.05479	409
2025.12.30	04:00	1.05472	1.05478	1.05458	1.05473	324
2025.12.30	05:00	1.05454	1.05464	1.05429	1.05449	57
2025.12.30	06:00	1.05473	1.05492	1.05467	1.05481	293
2025.12.30	07:00	1.0548	1.05506	1.05453	1.05489	299
2025.12.30	08:00	1.05446	1.05451	1.05416	1.05449	142
2025.12.30	09:00	1.05396	1.05406	1.05373	1.05388	178
2025.12.30	10:00	1.05371	1.05385	1.05341	1.0537	225
2025.12.30	11:00	1.05393	1.05411	1.05366	1.05402	227
2025.12.30	12:00	1.05392	1.05422	1.0539	1.05407	235
2025.12.30	13:00	1.05407	1.05423	1.05394	1.05396	91
2025.12.30	14:00	1.05419	1.05428	1.05411	1.05419	168
2025.12.30	15:00	1.05409	1.05418	1.05394	1.05406	79
2025.12.30	16:00	1.05455	1.0548	1.05454	1.05461	125
2025.12.30	17:00	1.05434	1.05451	1.05394	1.05444	389
2025.12.30	18:00	1.05441	1.05452	1.05437	1.05443	224
2025.12.30	19:00	1.05431	1.05449	1.05421	1.05443	232
2025.12.30	20:00	1.05456	1.05471	1.0542	1.05441	402
2025.12.30	21:00	1.05416	1.05439	1.05395	1.05413	207
2025.12.30	22:00	1.05381	1.05392	1.05379	1.05385	124
2025.12.30	23:00	1.05396	1.05404	1.05369	1.05397	347
2025.12.31	00:00	1.05451	1.05465	1.05439	1.05445	98
2025.12.31	01:00	1.05471	1.05496	1.05447	1.05458	250
2025.12.31	02:00	1.05499	1.05506	1.05474	1.05487	129
2025.12.31	03:00	1.05528	1.05548	1.05519	1.05537	456
2025.12.31	04:00	1.05523	1.05527	1.05505	1.05508	114
2025.12.31	05:00	1.05529	1.0556	1.05471	1.05516	320
2025.12.31	06:00	1.05525	1.05567	1.05509	1.05535	104
2025.12.31	07:00	1.05475	1.05511	1.05449	1.0549	127
2025.12.31	08:00	1.05489	1.055	1.05452	1.0547	215
2025.12.31	09:00	1.05467	1.05492	1.05445	1.05476	431
2025.12.31	10:00	1.05467	1.05487	1.05452	1.05463	127
2025.12.31	11:00	1.05407	1.05417	1.05383	1.05404	486
2025.12.31	12:00	1.05386	1.054	1.05372	1.05372	419
2025.12.31	13:00	1.05372	1.05385	1.05368	1.05379	154
2025.12.31	14:00	1.05378	1.05378	1.05362	1.05365	483
2025.12.31	15:00	1.05377	1.05405	1.05355	1.05384	134
2025.12.31	16:00	1.05373	1.05383	1.0536	1.05361	441
2025.12.31	17:00	1.05379	1.05383	1.05363	1.05367	300
2025.12.31	18:00	1.05408	1.05418	1.05371	1.05385	363
2025.12.31	19:00	1.05395	1.05408	1.05383	1.0539	486
2025.12.31	20:00	1.05394	1.054	1.05388	1.05397	240
2025.12.31	21:00	1.05401	1.05438	1.05391	1.05421	162
2025.12.31	22:00	1.05406	1.05422	1.05373	1.05401	398
2025.12.31	23:00	1.05403	1.05423	1.05379	1.054	469
2026.01.01	00:00	1.05418	1.05429	1.05406	1.05425	455
2026.01.01	01:00	1.05399	1.05412	1.05364	1.05392	364
2026.01.01	02:00	1.05447	1.05461	1.0544	1.05449	359
2026.01.01	03:00	1.05455	1.05462	1.05433	1.0545	414
2026.01.01	04:00	1.05464	1.05476	1.05446	1.05467	330
2026.01.01	05:00	1.05466	1.05482	1.05452	1.05473	327
2026.01.01	06:00	1.05521	1.05541	1.05499	1.05533	157
2026.01.01	07:00	1.0554	1.05546	1.05526	1.0553	311
2026.01.01	08:00	1.05505	1.05542	1.05492	1.05509	344
2026.01.01	09:00	1.05486	1.05514	1.05484	1.05485	186
2026.01.01	10:00	1.05481	1.05497	1.05457	1.0548	135
2026.01.01	11:00	1.05487	1.05496	1.05483	1.05487	473
2026.01.01	12:00	1.0557	1.05591	1.05554	1.0558	435
2026.01.01	13:00	1.05582	1.05584	1.05541	1.05571	367
2026.01.01	14:00	1.05543	1.05571	1.05536	1.05552	158
2026.01.01	15:00	1.05546	1.05565	1.05541	1.05555	232
2026.01.01	16:00	1.0555	1.05558	1.05524	1.05553	407
2026.01.01	17:00	1.05572	1.05605	1.05562	1.05576	115
2026.01.01	18:00	1.05593	1.05606	1.05581	1.05599	363
2026.01.01	19:00	1.05587	1.05605	1.05566	1.0558	124
2026.01.01	20:00	1.0561	1.05614	1.05564	1.0559	395
2026.01.01	21:00	1.05607	1.0564	1.05599	1.05617	472
2026.01.01	22:00	1.05653	1.05682	1.05648	1.05655	85
2026.01.01	23:00	1.05621	1.0563	1.05577	1.05602	489
2026.01.02	00:00	1.05603	1.05607	1.05598	1.056	260
2026.01.02	01:00	1.056	1.05623	1.05587	1.05601	260
2026.01.02	02:00	1.05614	1.05624	1.05598	1.05603	226
2026.01.02	03:00	1.05638	1.05649	1.05628	1.05629	458
2026.01.02	04:00	1.05641	1.05649	1.0563	1.05643	325
2026.01.02	05:00	1.05695	1.05701	1.0567	1.05699	143
2026.01.02	06:00	1.05765	1.05792	1.05765	1.05779	256
2026.01.02	07:00	1.05759	1.05762	1.0573	1.05754	91
2026.01.02	08:00	1.05747	1.05757	1.05746	1.05748	253
2026.01.02	09:00	1.05775	1.05805	1.05725	1.05761	288
2026.01.02	10:00	1.05741	1.05746	1.05716	1.05739	212
2026.01.02	11:00	1.05729	1.0574	1.05694	1.05737	216
2026.01.02	12:00	1.05687	1.05698	1.05655	1.05673	132
2026.01.02	13:00	1.05686	1.05705	1.05684	1.05703	185
2026.01.02	14:00	1.05749	1.05754	1.05734	1.05744	240
2026.01.02	15:00	1.05829	1.05835	1.05822	1.05824	179
2026.01.02	16:00	1.05835	1.05858	1.05805	1.05849	348
2026.01.02	17:00	1.05822	1.05826	1.05812	1.05824	263
2026.01.02	18:00	1.05815	1.05815	1.05788	1.05796	221
2026.01.02	19:00	1.058	1.05825	1.05786	1.05788	242
2026.01.02	20:00	1.05849	1.05869	1.05844	1.05862	276
2026.01.02	21:00	1.05879	1.05882	1.05876	1.0588	70
2026.01.02	22:00	1.05849	1.05861	1.05839	1.05841	334
2026.01.02	23:00	1.0584	1.05873	1.05821	1.05825	185
2026.01.05	00:00	1.05844	1.05867	1.05805	1.05851	401
2026.01.05	01:00	1.05859	1.05884	1.05824	1.05838	72
2026.01.05	02:00	1.0586	1.05896	1.05835	1.05859	260
2026.01.05	03:00	1.05864	1.05866	1.0584	1.05853	361
2026.01.05	04:00	1.059	1.05916	1.05873	1.05883	349
2026.01.05	05:00	1.05859	1.05877	1.05843	1.05857	418
2026.01.05	06:00	1.05824	1.05842	1.05804	1.0581	222
2026.01.05	07:00	1.05755	1.05777	1.05743	1.05765	170
2026.01.05	08:00	1.05767	1.05786	1.05763	1.05773	326
2026.01.05	09:00	1.05776	1.05791	1.05755	1.05765	249
2026.01.05	10:00	1.05788	1.05814	1.05787	1.05792	473
2026.01.05	11:00	1.05797	1.05827	1.05795	1.05811	202
2026.01.05	12:00	1.05802	1.05823	1.05799	1.05807	202
2026.01.05	13:00	1.05789	1.05799	1.0575	1.05777	280
2026.01.05	14:00	1.05785	1.05798	1.05761	1.05774	455
2026.01.05	15:00	1.05813	1.05818	1.05783	1.05803	352
2026.01.05	16:00	1.05814	1.05835	1.05798	1.05819	254
2026.01.05	17:00	1.05892	1.05922	1.05886	1.05908	58
2026.01.05	18:00	1.05849	1.05855	1.05845	1.05853	317
2026.01.05	19:00	1.05877	1.05886	1.0586	1.05881	279
2026.01.05	20:00	1.05907	1.05932	1.05897	1.05912	277
2026.01.05	21:00	1.05908	1.05911	1.05901	1.05904	147
2026.01.05	22:00	1.05899	1.05904	1.05887	1.05893	321
2026.01.05	23:00	1.05906	1.05923	1.05879	1.059	188
2026.01.06	00:00	1.05916	1.05938	1.05897	1.059	162
2026.01.06	01:00	1.0586	1.05861	1.05847	1.05859	252
2026.01.06	02:00	1.05868	1.05886	1.05844	1.05869	142
2026.01.06	03:00	1.05809	1.05835	1.05796	1.05824	129
2026.01.06	04:00	1.05863	1.05868	1.05846	1.05868	243
2026.01.06	05:00	1.05927	1.05936	1.05915	1.05927	337
2026.01.06	06:00	1.0598	1.05983	1.05956	1.05983	364
2026.01.06	07:00	1.05962	1.05974	1.05949	1.0595	191
2026.01.06	08:00	1.06008	1.06019	1.06003	1.06013	272
2026.01.06	09:00	1.05981	1.0602	1.05977	1.05992	427
2026.01.06	10:00	1.05986	1.06007	1.05982	1.05986	441
2026.01.06	11:00	1.05968	1.05985	1.05945	1.05959	91
2026.01.06	12:00	1.05939	1.05944	1.05917	1.05936	126
2026.01.06	13:00	1.05941	1.05944	1.05921	1.05938	228
2026.01.06	14:00	1.05928	1.05937	1.05928	1.05934	467
2026.01.06	15:00	1.05957	1.05968	1.05939	1.05956	230
2026.01.06	16:00	1.05997	1.06009	1.05993	1.06007	473
2026.01.06	17:00	1.06008	1.06026	1.06	1.06006	496
2026.01.06	18:00	1.05996	1.06003	1.05982	1.05998	240
2026.01.06	19:00	1.0603	1.06037	1.06013	1.06019	466
2026.01.06	20:00	1.0606	1.06079	1.06053	1.06064	248
2026.01.06	21:00	1.06129	1.06131	1.0611	1.06118	150
2026.01.06	22:00	1.06175	1.06187	1.06165	1.06171	464
2026.01.06	23:00	1.06105	1.0613	1.06104	1.06106	476
2026.01.07	00:00	1.06141	1.06157	1.0612	1.06146	202
2026.01.07	01:00	1.06106	1.06124	1.06091	1.06098	490
2026.01.07	02:00	1.06098	1.06112	1.0609	1.06103	68
2026.01.07	03:00	1.06053	1.06053	1.06044	1.0605	135
2026.01.07	04:00	1.06044	1.06062	1.0602	1.06026	236
2026.01.07	05:00	1.06051	1.06063	1.06045	1.06049	476
2026.01.07	06:00	1.06074	1.06092	1.06071	1.06079	293
2026.01.07	07:00	1.06077	1.06088	1.06064	1.06079	392
2026.01.07	08:00	1.0608	1.06095	1.06066	1.06088	157
2026.01.07	09:00	1.06075	1.0608	1.06059	1.06065	425
2026.01.07	10:00	1.06068	1.0608	1.06054	1.06056	122
2026.01.07	11:00	1.06077	1.06098	1.06055	1.06073	79
2026.01.07	12:00	1.06092	1.06103	1.06072	1.06085	89
2026.01.07	13:00	1.06033	1.06049	1.0603	1.06043	497
2026.01.07	14:00	1.06052	1.06092	1.0605	1.06055	450
2026.01.07	15:00	1.06074	1.0608	1.06055	1.06072	188
2026.01.07	16:00	1.0606	1.06083	1.06059	1.06065	97
2026.01.07	17:00	1.0603	1.06044	1.06028	1.0604	178
2026.01.07	18:00	1.06004	1.06029	1.05978	1.06026	60
2026.01.07	19:00	1.05997	1.05998	1.05977	1.05985	113
2026.01.07	20:00	1.05974	1.05986	1.05969	1.0597	107
2026.01.07	21:00	1.05958	1.0597	1.05945	1.05964	398
2026.01.07	22:00	1.05947	1.05948	1.05942	1.05944	119
2026.01.07	23:00	1.05861	1.05868	1.05852	1.05868	179
2026.01.08	00:00	1.05859	1.0588	1.05836	1.05871	187
2026.01.08	01:00	1.05925	1.05945	1.05918	1.05918	230
2026.01.08	02:00	1.05985	1.05995	1.05961	1.05976	123
2026.01.08	03:00	1.05941	1.05978	1.05926	1.05941	360
2026.01.08	04:00	1.05954	1.05977	1.05937	1.05971	338
2026.01.08	05:00	1.05927	1.0597	1.05914	1.05921	222
2026.01.08	06:00	1.05914	1.05924	1.05906	1.0592	181
2026.01.08	07:00	1.059	1.05928	1.05896	1.05905	120
2026.01.08	08:00	1.05933	1.05939	1.05928	1.05935	301
2026.01.08	09:00	1.0591	1.05919	1.05892	1.05916	462
2026.01.08	10:00	1.05869	1.05873	1.05857	1.05863	397
2026.01.08	11:00	1.05874	1.05893	1.05869	1.05887	312
2026.01.08	12:00	1.05882	1.05903	1.0588	1.05892	312
2026.01.08	13:00	1.05942	1.0595	1.05924	1.05941	452
2026.01.08	14:00	1.05953	1.0597	1.05948	1.05958	283
2026.01.08	15:00	1.06001	1.06018	1.05985	1.05991	492
2026.01.08	16:00	1.06013	1.06029	1.06013	1.06019	115
2026.01.08	17:00	1.06001	1.06027	1.05994	1.0601	125
2026.01.08	18:00	1.05957	1.05976	1.05935	1.05951	499
2026.01.08	19:00	1.05929	1.05948	1.05915	1.05926	179
2026.01.08	20:00	1.05967	1.05992	1.05937	1.05959	356
2026.01.08	21:00	1.05896	1.05913	1.05887	1.05891	89
2026.01.08	22:00	1.05889	1.05918	1.05883	1.05905	464
2026.01.08	23:00	1.05883	1.05887	1.05874	1.05878	128
2026.01.09	00:00	1.05879	1.0588	1.05861	1.05878	307
2026.01.09	01:00	1.05943	1.05964	1.05933	1.05955	380
2026.01.09	02:00	1.0594	1.05964	1.05934	1.05939	485
2026.01.09	03:00	1.0602	1.06028	1.06019	1.06026	136
2026.01.09	04:00	1.06053	1.06083	1.06046	1.0607	302
2026.01.09	05:00	1.0607	1.06102	1.06068	1.06075	138
2026.01.09	06:00	1.0603	1.06045	1.06019	1.06042	337
2026.01.09	07:00	1.06117	1.06137	1.06085	1.06103	426
2026.01.09	08:00	1.06094	1.06107	1.06083	1.06088	498
2026.01.09	09:00	1.06108	1.06117	1.06094	1.06107	70
2026.01.09	10:00	1.06113	1.06135	1.0609	1.06125	61
2026.01.09	11:00	1.06136	1.06154	1.06125	1.06144	413
2026.01.09	12:00	1.06114	1.06116	1.06102	1.06112	493
2026.01.09	13:00	1.06067	1.06091	1.06053	1.06058	391
2026.01.09	14:00	1.06033	1.06044	1.06015	1.06039	69
2026.01.09	15:00	1.06012	1.06019	1.05986	1.05999	112
2026.01.09	16:00	1.06031	1.06055	1.05997	1.06048	431
2026.01.09	17:00	1.06021	1.06039	1.06009	1.06018	301
2026.01.09	18:00	1.06008	1.06028	1.06001	1.06005	267
2026.01.09	19:00	1.06034	1.06041	1.06011	1.0602	79
2026.01.09	20:00	1.06036	1.06043	1.06	1.06006	281
2026.01.09	21:00	1.05975	1.05981	1.05954	1.0597	196
2026.01.09	22:00	1.05907	1.05914	1.05886	1.05905	461
2026.01.09	23:00	1.05916	1.05925	1.0588	1.05908	357
2026.01.12	00:00	1.05845	1.05851	1.05839	1.05844	499
2026.01.12	01:00	1.05845	1.05861	1.05822	1.05857	153
2026.01.12	02:00	1.05839	1.05851	1.05814	1.05837	72
2026.01.12	03:00	1.05857	1.05888	1.05857	1.0587	250
2026.01.12	04:00	1.0594	1.05951	1.05929	1.05935	403
2026.01.12	05:00	1.05991	1.06017	1.0599	1.05991	182
2026.01.12	06:00	1.0599	1.05993	1.0598	1.05984	292
2026.01.12	07:00	1.05969	1.05971	1.05935	1.05957	100
2026.01.12	08:00	1.05981	1.05985	1.05978	1.05979	110
2026.01.12	09:00	1.05935	1.05943	1.05925	1.0593	193
2026.01.12	10:00	1.05935	1.05935	1.05928	1.05934	80
2026.01.12	11:00	1.05952	1.05954	1.05932	1.0594	286
2026.01.12	12:00	1.05897	1.05912	1.05886	1.05891	304
2026.01.12	13:00	1.05924	1.05947	1.05912	1.05915	365
2026.01.12	14:00	1.05921	1.05921	1.0588	1.05899	384
2026.01.12	15:00	1.05913	1.05923	1.05902	1.05905	287
2026.01.12	16:00	1.05906	1.05933	1.05903	1.05916	106
2026.01.12	17:00	1.05955	1.05976	1.05932	1.05942	56
2026.01.12	18:00	1.05968	1.05986	1.05965	1.05981	214
2026.01.12	19:00	1.05933	1.05945	1.05932	1.05934	308
2026.01.12	20:00	1.0597	1.05971	1.05951	1.05968	275
2026.01.12	21:00	1.05978	1.05996	1.05969	1.0598	147
2026.01.12	22:00	1.06004	1.06017	1.05987	1.06002	404
2026.01.12	23:00	1.0603	1.06046	1.06024	1.06024	401
2026.01.13	00:00	1.06008	1.06025	1.05981	1.05998	76
2026.01.13	01:00	1.06012	1.0603	1.05995	1.06009	354
2026.01.13	02:00	1.05975	1.05981	1.05943	1.05964	95
2026.01.13	03:00	1.05983	1.05994	1.05967	1.05972	459
2026.01.13	04:00	1.05974	1.05978	1.05964	1.05969	231
2026.01.13	05:00	1.06026	1.06034	1.06025	1.06034	445
2026.01.13	06:00	1.06039	1.06068	1.0603	1.06051	291
2026.01.13	07:00	1.06059	1.06072	1.06059	1.06067	273
2026.01.13	08:00	1.06106	1.06115	1.06101	1.06107	342
2026.01.13	09:00	1.06129	1.06143	1.06114	1.06135	447
2026.01.13	10:00	1.06113	1.06119	1.06104	1.06108	229
2026.01.13	11:00	1.06112	1.06129	1.06111	1.06128	102
2026.01.13	12:00	1.06073	1.06106	1.06053	1.06084	114
2026.01.13	13:00	1.06071	1.06092	1.06064	1.06085	329
2026.01.13	14:00	1.06083	1.06098	1.06056	1.06089	433
2026.01.13	15:00	1.06173	1.06186	1.06156	1.06175	326
2026.01.13	16:00	1.06147	1.06185	1.06145	1.06162	423
2026.01.13	17:00	1.06178	1.06202	1.0617	1.06175	139
2026.01.13	18:00	1.06191	1.06191	1.06163	1.06179	398
2026.01.13	19:00	1.06154	1.06177	1.06131	1.06165	185
2026.01.13	20:00	1.06174	1.06184	1.06168	1.06176	172
2026.01.13	21:00	1.06129	1.06135	1.06116	1.06123	160
2026.01.13	22:00	1.06107	1.0613	1.06083	1.06095	473
2026.01.13	23:00	1.06079	1.06091	1.06027	1.0608	118
2026.01.14	00:00	1.06096	1.06103	1.06079	1.06102	494
2026.01.14	01:00	1.06083	1.06096	1.06072	1.06083	130
2026.01.14	02:00	1.06092	1.06095	1.0608	1.06093	303
2026.01.14	03:00	1.06101	1.06111	1.06082	1.06089	182
2026.01.14	04:00	1.06102	1.06114	1.06089	1.0609	110
2026.01.14	05:00	1.06125	1.06127	1.06087	1.06122	370
2026.01.14	06:00	1.06094	1.06098	1.06081	1.0609	61
2026.01.14	07:00	1.06067	1.06093	1.06042	1.06079	79
2026.01.14	08:00	1.06134	1.06154	1.06133	1.06138	354
2026.01.14	09:00	1.06162	1.0617	1.0612	1.06139	129
2026.01.14	10:00	1.06182	1.06185	1.06167	1.06175	228
2026.01.14	11:00	1.06189	1.06196	1.06175	1.06181	358
2026.01.14	12:00	1.06184	1.06193	1.06169	1.06173	451
2026.01.14	13:00	1.06206	1.06212	1.06195	1.06202	380
2026.01.14	14:00	1.062	1.06218	1.06198	1.06198	230
2026.01.14	15:00	1.06185	1.06215	1.0618	1.06207	236
2026.01.14	16:00	1.06211	1.06233	1.0621	1.06229	385
2026.01.14	17:00	1.06165	1.06179	1.0614	1.06169	123
2026.01.14	18:00	1.06218	1.06218	1.06209	1.06215	478
2026.01.14	19:00	1.06203	1.06213	1.06199	1.06206	314
2026.01.14	20:00	1.06206	1.06216	1.062	1.06215	278
2026.01.14	21:00	1.06174	1.0618	1.06138	1.06151	311
2026.01.14	22:00	1.06163	1.06174	1.06157	1.06166	136
2026.01.14	23:00	1.06139	1.0614	1.06129	1.06138	83
2026.01.15	00:00	1.06159	1.06165	1.06141	1.06161	123
2026.01.15	01:00	1.06171	1.0618	1.06147	1.06176	334
2026.01.15	02:00	1.06178	1.06189	1.06157	1.06186	399
2026.01.15	03:00	1.06226	1.0625	1.06199	1.06218	302
2026.01.15	04:00	1.06206	1.06214	1.06188	1.0621	54
2026.01.15	05:00	1.06219	1.06237	1.06214	1.06229	246
2026.01.15	06:00	1.06211	1.06212	1.06201	1.06205	256
2026.01.15	07:00	1.06216	1.06238	1.06196	1.06216	236
2026.01.15	08:00	1.06223	1.0624	1.06208	1.06228	292
2026.01.15	09:00	1.06184	1.06194	1.06168	1.06177	160
2026.01.15	10:00	1.06138	1.06147	1.06116	1.0613	434
2026.01.15	11:00	1.06152	1.06166	1.06134	1.06147	80
2026.01.15	12:00	1.06171	1.06189	1.06152	1.06157	329
2026.01.15	13:00	1.06219	1.06228	1.06182	1.06214	321
2026.01.15	14:00	1.06222	1.06245	1.06195	1.06212	281
2026.01.15	15:00	1.06185	1.06219	1.06163	1.06172	377
