2025.11.19	00:00	150.55018	150.55028	150.54116	150.54162	170
2025.11.19	01:00	150.55139	150.57113	150.55131	150.5711	213
2025.11.19	02:00	150.54606	150.54627	150.54553	150.54562	80
2025.11.19	03:00	150.52195	150.54678	150.52176	150.54671	158
2025.11.19	04:00	150.57195	150.572	150.57171	150.57171	247
2025.11.19	05:00	150.53068	150.54136	150.53061	150.54132	190
2025.11.19	06:00	150.49121	150.50459	150.49111	150.50437	415
2025.11.19	07:00	150.52382	150.52504	150.52351	150.52494	382
2025.11.19	08:00	150.43079	150.43094	150.4251	150.42514	83
2025.11.19	09:00	150.42697	150.42735	150.40438	150.40452	192
2025.11.19	10:00	150.43953	150.44036	150.43926	150.44011	79
2025.11.19	11:00	150.40738	150.41399	150.40731	150.41388	406
2025.11.19	12:00	150.36318	150.375	150.36316	150.3749	252
2025.11.19	13:00	150.38038	150.38999	150.38016	150.38993	354
2025.11.19	14:00	150.39131	150.39726	150.39128	150.39718	107
2025.11.19	15:00	150.35776	150.36887	150.35768	150.36862	151
2025.11.19	16:00	150.42104	150.42111	150.4205	150.42067	112
2025.11.19	17:00	150.40314	150.41065	150.4031	150.41054	303
2025.11.19	18:00	150.43478	150.43479	150.42792	150.42823	154
2025.11.19	19:00	150.38457	150.38473	150.36302	150.36335	96
2025.11.19	20:00	150.38136	150.38257	150.38134	150.38247	92
2025.11.19	21:00	150.39892	150.41482	150.39888	150.41471	100
2025.11.19	22:00	150.44695	150.45389	150.4468	150.45382	262
2025.11.19	23:00	150.526	150.54363	150.52592	150.54357	468
2025.11.20	00:00	150.62105	150.64201	150.62094	150.64183	93
2025.11.20	01:00	150.58561	150.58574	150.57218	150.57218	159
2025.11.20	02:00	150.53298	150.55362	150.53296	150.55359	395
2025.11.20	03:00	150.55538	150.55895	150.55535	150.55882	193
2025.11.20	04:00	150.55974	150.57857	150.55952	150.57848	443
2025.11.20	05:00	150.61649	150.61656	150.60727	150.60732	177
2025.11.20	06:00	150.60722	150.60742	150.6015	150.60167	495
2025.11.20	07:00	150.65795	150.65799	150.64458	150.64477	111
2025.11.20	08:00	150.65396	150.65402	150.6403	150.6405	349
2025.11.20	09:00	150.7097	150.70982	150.69565	150.69566	344
2025.11.20	10:00	150.67341	150.67354	150.65597	150.65601	432
2025.11.20	11:00	150.51262	150.54231	150.51245	150.54197	58
2025.11.20	12:00	150.56889	150.57009	150.56871	150.57002	483
2025.11.20	13:00	150.53446	150.53455	150.53091	150.53102	107
2025.11.20	14:00	150.49403	150.49422	150.48047	150.48084	119
2025.11.20	15:00	150.55342	150.55342	150.55153	150.55159	175
2025.11.20	16:00	150.56625	150.57241	150.56615	150.57223	432
2025.11.20	17:00	150.60073	150.60579	150.60059	150.60567	77
2025.11.20	18:00	150.55672	150.55674	150.52884	150.52915	427
2025.11.20	19:00	150.57681	150.57691	150.56486	150.565	387
2025.11.20	20:00	150.51963	150.5197	150.51213	150.51222	358
2025.11.20	21:00	150.49438	150.49438	150.49346	150.49352	413
2025.11.20	22:00	150.39594	150.40124	150.39569	150.40107	216
2025.11.20	23:00	150.4292	150.42944	150.41999	150.42006	185
2025.11.21	00:00	150.37124	150.37128	150.36632	150.36657	113
2025.11.21	01:00	150.36459	150.3647	150.35573	150.35599	194
2025.11.21	02:00	150.35645	150.37623	150.35639	150.3761	367
2025.11.21	03:00	150.39812	150.40322	150.39801	150.40304	221
2025.11.21	04:00	150.34723	150.35626	150.34704	150.35608	329
2025.11.21	05:00	150.40835	150.40841	150.3897	150.38972	473
2025.11.21	06:00	150.34433	150.35276	150.34407	150.35275	161
2025.11.21	07:00	150.34733	150.36894	150.34725	150.3689	99
2025.11.21	08:00	150.38048	150.38075	150.34763	150.34771	98
2025.11.21	09:00	150.29673	150.31679	150.29664	150.31665	300
2025.11.21	10:00	150.3569	150.37494	150.35674	150.37493	344
2025.11.21	11:00	150.33473	150.33627	150.33472	150.33625	400
2025.11.21	12:00	150.30841	150.3087	150.29929	150.29932	248
2025.11.21	13:00	150.23938	150.23939	150.23187	150.2321	131
2025.11.21	14:00	150.21508	150.21917	150.21495	150.2191	230
2025.11.21	15:00	150.23399	150.26235	150.23394	150.2622	413
2025.11.21	16:00	150.24444	150.24448	150.24223	150.24233	428
2025.11.21	17:00	150.29611	150.31704	150.29604	150.31698	302
2025.11.21	18:00	150.29842	150.29854	150.29512	150.29515	135
2025.11.21	19:00	150.24574	150.25471	150.2454	150.25459	238
2025.11.21	20:00	150.27174	150.27362	150.27158	150.27346	117
2025.11.21	21:00	150.25297	150.2535	150.25281	150.25337	157
2025.11.21	22:00	150.22202	150.22226	150.20326	150.20336	185
2025.11.21	23:00	150.1855	150.19438	150.18525	150.19414	115
2025.11.24	00:00	150.16991	150.17627	150.1699	150.17596	112
2025.11.24	01:00	150.19787	150.19868	150.19775	150.19865	445
2025.11.24	02:00	150.15364	150.16566	150.15353	150.1655	400
2025.11.24	03:00	150.20026	150.20982	150.2001	150.20938	145
2025.11.24	04:00	150.17142	150.17157	150.16684	150.16695	381
2025.11.24	05:00	150.10451	150.10454	150.09556	150.0956	311
2025.11.24	06:00	150.12595	150.12616	150.12513	150.1253	325
2025.11.24	07:00	150.14253	150.1452	150.14253	150.14504	450
2025.11.24	08:00	150.15499	150.15503	150.14768	150.14785	229
2025.11.24	09:00	150.24881	150.24889	150.23258	150.23273	383
2025.11.24	10:00	150.13502	150.13556	150.1349	150.13547	282
2025.11.24	11:00	150.14659	150.14667	150.14044	150.14047	426
2025.11.24	12:00	150.07934	150.07976	150.07466	150.07467	276
2025.11.24	13:00	150.13114	150.13116	150.1187	150.11875	381
2025.11.24	14:00	150.05771	150.05778	150.04855	150.04871	211
2025.11.24	15:00	150.01153	150.01617	150.01126	150.01614	339
2025.11.24	16:00	150.03651	150.0507	150.03644	150.05066	58
2025.11.24	17:00	150.03422	150.03435	150.01109	150.01114	361
2025.11.24	18:00	150.08777	150.08783	150.08089	150.08093	440
2025.11.24	19:00	150.07935	150.07937	150.07632	150.07639	211
2025.11.24	20:00	150.0495	150.06202	150.04941	150.06189	448
2025.11.24	21:00	150.07299	150.07303	150.06134	150.06154	460
2025.11.24	22:00	150.07561	150.07563	150.05822	150.05826	478
2025.11.24	23:00	149.97778	149.97785	149.9738	149.97383	208
2025.11.25	00:00	149.98731	149.9874	149.96397	149.96421	182
2025.11.25	01:00	150.00108	150.00115	149.99719	149.99721	232
2025.11.25	02:00	149.96893	149.99676	149.9689	149.9965	458
2025.11.25	03:00	150.02891	150.02891	150.00942	150.00966	306
2025.11.25	04:00	150.04414	150.05096	150.04391	150.05088	62
2025.11.25	05:00	150.05227	150.05586	150.05222	150.05583	97
2025.11.25	06:00	150.03355	150.03368	150.02204	150.02209	143
2025.11.25	07:00	149.99241	149.99247	149.98009	149.98015	353
2025.11.25	08:00	150.0244	150.02441	150.01174	150.0119	67
2025.11.25	09:00	150.05393	150.05393	150.04524	150.04541	134
2025.11.25	10:00	150.06601	150.08532	150.0658	150.08518	245
2025.11.25	11:00	150.08794	150.09221	150.08791	150.09206	242
2025.11.25	12:00	150.08636	150.08638	150.08156	150.08156	246
2025.11.25	13:00	150.13676	150.13705	150.12038	150.12051	340
2025.11.25	14:00	150.12665	150.12671	150.1242	150.1242	328
2025.11.25	15:00	150.10589	150.10611	150.10578	150.10611	61
2025.11.25	16:00	150.11362	150.11371	150.10216	150.10224	343
2025.11.25	17:00	150.10772	150.1098	150.10756	150.10955	159
2025.11.25	18:00	150.11519	150.11532	150.10124	150.10131	371
2025.11.25	19:00	150.14978	150.15004	150.14508	150.1451	322
2025.11.25	20:00	150.16817	150.17915	150.16811	150.17879	342
2025.11.25	21:00	150.20659	150.20669	150.20105	150.20123	356
2025.11.25	22:00	150.16555	150.18049	150.16533	150.18041	175
2025.11.25	23:00	150.22616	150.22638	150.22537	150.22539	410
2025.11.26	00:00	150.26609	150.26699	150.26604	150.26684	267
2025.11.26	01:00	150.17675	150.17676	150.16373	150.16399	328
2025.11.26	02:00	150.09794	150.1229	150.09791	150.12265	134
2025.11.26	03:00	150.04939	150.04957	150.04007	150.04016	88
2025.11.26	04:00	149.98427	149.98928	149.98404	149.98916	325
2025.11.26	05:00	149.96165	149.96478	149.96151	149.96478	248
2025.11.26	06:00	149.993	149.99315	149.97538	149.97548	316
2025.11.26	07:00	150.04225	150.04501	150.04215	150.04479	99
2025.11.26	08:00	149.99246	149.99246	149.98778	149.98784	294
2025.11.26	09:00	149.92881	149.92891	149.91594	149.91596	321
2025.11.26	10:00	149.93139	149.9348	149.93131	149.93469	93
2025.11.26	11:00	149.91626	149.92252	149.9161	149.92246	266
2025.11.26	12:00	149.9139	149.91402	149.91237	149.91253	399
2025.11.26	13:00	149.92017	149.9202	149.91602	149.91607	187
2025.11.26	14:00	149.94746	149.94758	149.94468	149.94482	357
2025.11.26	15:00	150.04287	150.04294	150.03547	150.03564	143
2025.11.26	16:00	150.11988	150.12474	150.11971	150.12467	369
2025.11.26	17:00	150.15542	150.16424	150.15538	150.1642	324
2025.11.26	18:00	150.12951	150.12968	150.11098	150.1111	169
2025.11.26	19:00	150.09799	150.09811	150.08212	150.08213	338
2025.11.26	20:00	150.04475	150.05466	150.04473	150.05459	432
2025.11.26	21:00	149.98246	149.98251	149.96412	149.96414	460
2025.11.26	22:00	149.92908	149.92932	149.92899	149.92929	363
2025.11.26	23:00	149.92386	149.92397	149.91574	149.91608	203
2025.11.27	00:00	149.94489	149.94493	149.92629	149.92647	432
2025.11.27	01:00	150.00491	150.00502	149.99724	149.9974	489
2025.11.27	02:00	149.93179	149.94129	149.93172	149.94112	106
2025.11.27	03:00	149.92823	149.94356	149.92821	149.94324	408
2025.11.27	04:00	149.88308	149.88316	149.87843	149.87859	200
2025.11.27	05:00	149.88474	149.8995	149.88456	149.89937	444
2025.11.27	06:00	149.96395	149.96399	149.95687	149.95703	370
2025.11.27	07:00	149.95617	149.95628	149.95401	149.95406	456
2025.11.27	08:00	149.96144	149.96808	149.96117	149.968	113
2025.11.27	09:00	150.01495	150.01498	150.01469	150.01492	439
2025.11.27	10:00	150.01784	150.02523	150.01767	150.02519	112
2025.11.27	11:00	149.99733	149.99749	149.96893	149.96901	450
2025.11.27	12:00	150.07701	150.07716	150.07476	150.07483	81
2025.11.27	13:00	149.99643	150.00522	149.99619	150.00515	345
2025.11.27	14:00	150.06514	150.06728	150.06514	150.06726	277
2025.11.27	15:00	150.05249	150.05973	150.05241	150.0597	339
2025.11.27	16:00	150.10608	150.10743	150.1059	150.10707	306
2025.11.27	17:00	150.10737	150.10756	150.10302	150.10307	142
2025.11.27	18:00	150.0561	150.06804	150.05585	150.06797	475
2025.11.27	19:00	150.08468	150.1188	150.08447	150.11879	287
2025.11.27	20:00	150.08919	150.08927	150.08239	150.08257	188
2025.11.27	21:00	150.0669	150.06695	150.06441	150.06473	112
2025.11.27	22:00	150.04852	150.0486	150.047	150.04709	481
2025.11.27	23:00	150.02084	150.02316	150.02063	150.02311	154
2025.11.28	00:00	150.09869	150.09877	150.0796	150.07984	281
2025.11.28	01:00	150.12967	150.12973	150.12908	150.12922	211
2025.11.28	02:00	150.13401	150.13401	150.12311	150.12321	277
2025.11.28	03:00	150.09036	150.09042	150.07311	150.07322	485
2025.11.28	04:00	150.11576	150.11585	150.10779	150.10794	375
2025.11.28	05:00	150.17725	150.17729	150.16527	150.16535	72
2025.11.28	06:00	150.11634	150.12638	150.11597	150.12628	145
2025.11.28	07:00	150.12276	150.12768	150.12272	150.12765	294
2025.11.28	08:00	150.0641	150.06429	150.04167	150.04168	63
2025.11.28	09:00	150.01415	150.01938	150.01412	150.01895	106
2025.11.28	10:00	150.02303	150.02309	150.02173	150.02208	215
2025.11.28	11:00	149.98189	149.9853	149.98174	149.98529	61
2025.11.28	12:00	150.00912	150.00931	150.00411	150.00418	449
2025.11.28	13:00	149.98306	150.00284	149.98276	150.00265	374
2025.11.28	14:00	150.07253	150.07256	150.05775	150.05787	52
2025.11.28	15:00	150.1202	150.1222	150.12015	150.12216	305
2025.11.28	16:00	150.14086	150.15835	150.14074	150.15822	292
2025.11.28	17:00	150.14079	150.141	150.13685	150.13696	242
2025.11.28	18:00	150.12009	150.12036	150.11168	150.11175	401
2025.11.28	19:00	150.14499	150.15229	150.14491	150.15228	381
2025.11.28	20:00	150.18168	150.18186	150.18146	150.18159	235
2025.11.28	21:00	150.26019	150.26033	150.24906	150.24916	120
2025.11.28	22:00	150.2268	150.22681	150.22327	150.22361	421
2025.11.28	23:00	150.14621	150.14627	150.13491	150.13503	82
2025.12.01	00:00	150.12497	150.12499	150.11948	150.11966	285
2025.12.01	01:00	150.13863	150.18008	150.13848	150.18006	167
2025.12.01	02:00	150.20678	150.21817	150.20673	150.218	82
2025.12.01	03:00	150.3141	150.31976	150.31391	150.31966	308
2025.12.01	04:00	150.22819	150.22845	150.2259	150.22599	459
2025.12.01	05:00	150.28286	150.29608	150.28262	150.29596	235
2025.12.01	06:00	150.33208	150.3322	150.31632	150.31632	259
2025.12.01	07:00	150.24936	150.254	150.24935	150.25399	196
2025.12.01	08:00	150.30461	150.30462	150.29985	150.29985	64
2025.12.01	09:00	150.379	150.37917	150.37034	150.37042	304
2025.12.01	10:00	150.36564	150.37176	150.36546	150.37162	194
2025.12.01	11:00	150.37008	150.38091	150.37005	150.38069	234
2025.12.01	12:00	150.3861	150.38614	150.37623	150.3764	356
2025.12.01	13:00	150.38406	150.38411	150.34599	150.34602	146
2025.12.01	14:00	150.38106	150.38126	150.36415	150.36422	100
2025.12.01	15:00	150.32501	150.32509	150.30188	150.30213	163
2025.12.01	16:00	150.27227	150.27243	150.27119	150.2712	243
2025.12.01	17:00	150.26346	150.27477	150.26344	150.27456	149
2025.12.01	18:00	150.23578	150.24618	150.23552	150.24601	123
2025.12.01	19:00	150.24626	150.25358	150.24622	150.25331	178
2025.12.01	20:00	150.2371	150.23726	150.22992	150.22995	316
2025.12.01	21:00	150.25273	150.25296	150.24626	150.24627	346
2025.12.01	22:00	150.30341	150.31206	150.30328	150.31204	228
2025.12.01	23:00	150.41223	150.41232	150.40961	150.40976	324
2025.12.02	00:00	150.37975	150.37991	150.37567	150.3757	179
2025.12.02	01:00	150.33819	150.34724	150.33809	150.34719	395
2025.12.02	02:00	150.32729	150.32737	150.3214	150.32152	486
2025.12.02	03:00	150.35725	150.3573	150.32443	150.32467	461
2025.12.02	04:00	150.30844	150.30985	150.30837	150.30982	485
2025.12.02	05:00	150.26864	150.26876	150.26573	150.26584	417
2025.12.02	06:00	150.35289	150.36353	150.35279	150.36341	432
2025.12.02	07:00	150.39732	150.41255	150.39728	150.41238	366
2025.12.02	08:00	150.35186	150.35213	150.34958	150.34964	395
2025.12.02	09:00	150.39672	150.39693	150.39239	150.39266	481
2025.12.02	10:00	150.38348	150.39585	150.38336	150.39569	393
2025.12.02	11:00	150.41837	150.41843	150.39859	150.39882	415
2025.12.02	12:00	150.37745	150.37749	150.36148	150.3615	313
2025.12.02	13:00	150.3507	150.36156	150.35048	150.36155	326
2025.12.02	14:00	150.36227	150.36228	150.34201	150.34209	311
2025.12.02	15:00	150.2784	150.29231	150.27833	150.29214	490
2025.12.02	16:00	150.33076	150.33248	150.33076	150.33244	194
2025.12.02	17:00	150.41183	150.41188	150.40735	150.40745	289
2025.12.02	18:00	150.43884	150.43892	150.4241	150.42428	66
2025.12.02	19:00	150.42108	150.44128	150.42088	150.44111	381
2025.12.02	20:00	150.42207	150.42214	150.41837	150.41837	398
2025.12.02	21:00	150.40602	150.41446	150.40574	150.41444	310
2025.12.02	22:00	150.45614	150.45616	150.44649	150.44682	142
2025.12.02	23:00	150.44231	150.44233	150.44194	150.44198	404
2025.12.03	00:00	150.5055	150.51495	150.50537	150.51485	438
2025.12.03	01:00	150.5206	150.52062	150.50773	150.50789	211
2025.12.03	02:00	150.57952	150.57969	150.56069	150.56077	279
2025.12.03	03:00	150.60038	150.6004	150.59788	150.59796	465
2025.12.03	04:00	150.64773	150.64999	150.64763	150.64998	234
2025.12.03	05:00	150.61582	150.6324	150.61576	150.632	177
2025.12.03	06:00	150.61332	150.61536	150.61329	150.61522	167
2025.12.03	07:00	150.58124	150.58228	150.58118	150.58222	308
2025.12.03	08:00	150.66941	150.68064	150.66941	150.68054	242
2025.12.03	09:00	150.73599	150.73623	150.7351	150.7353	102
2025.12.03	10:00	150.70209	150.70989	150.70205	150.7097	262
2025.12.03	11:00	150.66104	150.66183	150.66102	150.66165	75
2025.12.03	12:00	150.66591	150.66985	150.66579	150.66981	289
2025.12.03	13:00	150.75985	150.75999	150.71484	150.71486	495
2025.12.03	14:00	150.6888	150.68884	150.68515	150.68548	51
2025.12.03	15:00	150.72059	150.7208	150.71764	150.71764	350
2025.12.03	16:00	150.7609	150.77234	150.76089	150.77233	315
2025.12.03	17:00	150.77101	150.77109	150.75771	150.75772	483
2025.12.03	18:00	150.79886	150.79898	150.79143	150.79173	365
2025.12.03	19:00	150.86579	150.90188	150.86557	150.90176	403
2025.12.03	20:00	150.82825	150.83684	150.82805	150.8367	122
2025.12.03	21:00	150.86099	150.87528	150.86094	150.87521	422
2025.12.03	22:00	150.81114	150.81141	150.80355	150.80363	494
2025.12.03	23:00	150.79692	150.80045	150.79662	150.80037	234
2025.12.04	00:00	150.79142	150.79191	150.79142	150.79157	295
2025.12.04	01:00	150.78323	150.78527	150.78305	150.78511	315
2025.12.04	02:00	150.78123	150.78611	150.7811	150.78592	97
2025.12.04	03:00	150.86881	150.869	150.86869	150.86875	176
2025.12.04	04:00	150.8879	150.88955	150.88775	150.88936	168
2025.12.04	05:00	150.84037	150.84555	150.84034	150.8455	393
2025.12.04	06:00	150.8655	150.86813	150.86529	150.86801	70
2025.12.04	07:00	150.81317	150.81333	150.8129	150.81328	101
2025.12.04	08:00	150.71912	150.71937	150.71886	150.71929	206
2025.12.04	09:00	150.59813	150.59828	150.59728	150.59754	254
2025.12.04	10:00	150.66565	150.66591	150.66043	150.66066	229
2025.12.04	11:00	150.66978	150.70397	150.66956	150.70397	465
2025.12.04	12:00	150.69534	150.69548	150.68491	150.68517	296
2025.12.04	13:00	150.69092	150.691	150.68868	150.68875	110
2025.12.04	14:00	150.6741	150.67418	150.6708	150.67093	185
2025.12.04	15:00	150.70353	150.70382	150.69609	150.69619	268
2025.12.04	16:00	150.65394	150.66096	150.65384	150.66078	268
2025.12.04	17:00	150.65573	150.66246	150.65573	150.66246	210
2025.12.04	18:00	150.69934	150.71195	150.69921	150.7117	60
2025.12.04	19:00	150.63816	150.63824	150.60185	150.60196	281
2025.12.04	20:00	150.61257	150.62183	150.61252	150.62176	136
2025.12.04	21:00	150.64881	150.64892	150.64768	150.6477	249
2025.12.04	22:00	150.65456	150.65458	150.64991	150.65012	482
2025.12.04	23:00	150.58798	150.58798	150.58246	150.58252	331
2025.12.05	00:00	150.56754	150.58001	150.56738	150.57994	93
2025.12.05	01:00	150.55515	150.56693	150.55514	150.56691	113
2025.12.05	02:00	150.59721	150.60352	150.59706	150.60344	313
2025.12.05	03:00	150.58751	150.58761	150.5778	150.57799	275
2025.12.05	04:00	150.56355	150.56371	150.56129	150.56138	295
2025.12.05	05:00	150.5406	150.54066	150.53274	150.53284	144
2025.12.05	06:00	150.57788	150.57867	150.57782	150.57862	142
2025.12.05	07:00	150.57105	150.57117	150.56691	150.56696	50
2025.12.05	08:00	150.56337	150.56353	150.56042	150.5607	468
2025.12.05	09:00	150.57438	150.57445	150.56049	150.56061	136
2025.12.05	10:00	150.55905	150.57352	150.55902	150.57343	55
2025.12.05	11:00	150.63058	150.63061	150.61282	150.61285	417
2025.12.05	12:00	150.75033	150.75128	150.75013	150.75123	439
2025.12.05	13:00	150.76192	150.76193	150.75567	150.75581	467
2025.12.05	14:00	150.73899	150.74851	150.73895	150.74849	57
2025.12.05	15:00	150.75007	150.75449	150.74971	150.75449	131
2025.12.05	16:00	150.70823	150.72237	150.70808	150.72232	305
2025.12.05	17:00	150.73449	150.76406	150.73426	150.76364	292
2025.12.05	18:00	150.85959	150.86118	150.8595	150.861	187
2025.12.05	19:00	150.84161	150.84871	150.84155	150.84862	265
2025.12.05	20:00	150.80816	150.81321	150.80814	150.81304	237
2025.12.05	21:00	150.79647	150.79742	150.79639	150.79741	259
2025.12.05	22:00	150.71944	150.72402	150.71923	150.72397	229
2025.12.05	23:00	150.64524	150.65889	150.64514	150.65889	176
2025.12.08	00:00	150.71464	150.72869	150.71417	150.7286	352
2025.12.08	01:00	150.70566	150.70569	150.70542	150.70547	453
2025.12.08	02:00	150.74757	150.7514	150.74752	150.75124	367
2025.12.08	03:00	150.74726	150.74736	150.747	150.74701	336
2025.12.08	04:00	150.70743	150.70766	150.69499	150.69501	459
2025.12.08	05:00	150.75909	150.75912	150.7411	150.74117	290
2025.12.08	06:00	150.74763	150.74766	150.74718	150.74726	204
2025.12.08	07:00	150.82011	150.82012	150.80723	150.80727	247
2025.12.08	08:00	150.7837	150.78374	150.77345	150.77354	60
2025.12.08	09:00	150.71317	150.72846	150.71314	150.72826	367
2025.12.08	10:00	150.68072	150.69977	150.68062	150.69968	99
2025.12.08	11:00	150.7877	150.81087	150.78769	150.81075	190
2025.12.08	12:00	150.85153	150.85572	150.85122	150.85559	125
2025.12.08	13:00	150.88738	150.88857	150.88738	150.88839	170
2025.12.08	14:00	150.96641	150.96644	150.95066	150.95067	303
2025.12.08	15:00	150.971	150.98823	150.97073	150.98812	203
2025.12.08	16:00	151.04718	151.05271	151.04698	151.05267	204
2025.12.08	17:00	151.09039	151.09042	151.08316	151.08333	458
2025.12.08	18:00	151.071	151.07101	151.05583	151.05589	70
2025.12.08	19:00	151.05853	151.05861	151.05289	151.05305	195
2025.12.08	20:00	151.02173	151.0218	151.01349	151.01355	103
2025.12.08	21:00	150.98849	151.0123	150.98837	151.01216	413
2025.12.08	22:00	151.03156	151.03175	151.02294	151.02298	265
2025.12.08	23:00	151.00116	151.01344	151.00116	151.01329	181
2025.12.09	00:00	151.01479	151.02555	151.01466	151.0255	443
2025.12.09	01:00	150.97656	150.97686	150.96445	150.96455	72
2025.12.09	02:00	151.03347	151.04753	151.03333	151.04734	439
2025.12.09	03:00	151.04944	151.0626	151.0493	151.06247	237
2025.12.09	04:00	151.07636	151.08478	151.07627	151.08455	354
2025.12.09	05:00	151.09684	151.11244	151.09683	151.11233	285
2025.12.09	06:00	151.13978	151.15599	151.13969	151.15599	399
2025.12.09	07:00	151.15142	151.1542	151.15122	151.15414	351
2025.12.09	08:00	151.17678	151.17964	151.17669	151.17946	461
2025.12.09	09:00	151.20542	151.23055	151.2054	151.23051	189
2025.12.09	10:00	151.21105	151.21109	151.18294	151.18298	358
2025.12.09	11:00	151.08751	151.08759	151.0742	151.07424	202
2025.12.09	12:00	151.02989	151.03918	151.02987	151.03911	422
2025.12.09	13:00	151.13914	151.14881	151.13913	151.14871	52
2025.12.09	14:00	151.13995	151.14027	151.12894	151.12918	266
2025.12.09	15:00	151.13777	151.13797	151.1365	151.13656	348
2025.12.09	16:00	151.11619	151.12977	151.11614	151.12965	161
2025.12.09	17:00	151.22852	151.24485	151.2283	151.24469	399
2025.12.09	18:00	151.28069	151.28074	151.27539	151.27543	119
2025.12.09	19:00	151.14775	151.1481	151.13527	151.13537	268
2025.12.09	20:00	151.1335	151.13889	151.13345	151.13856	476
2025.12.09	21:00	151.15679	151.15711	151.14191	151.14196	288
2025.12.09	22:00	151.21056	151.22529	151.21043	151.22503	352
2025.12.09	23:00	151.20562	151.21187	151.2056	151.21184	308
2025.12.10	00:00	151.26058	151.26318	151.26055	151.26309	274
2025.12.10	01:00	151.25633	151.27453	151.25612	151.27446	418
2025.12.10	02:00	151.2876	151.30535	151.2874	151.30514	56
2025.12.10	03:00	151.32953	151.32967	151.31762	151.31777	148
2025.12.10	04:00	151.35501	151.35513	151.34299	151.34299	133
2025.12.10	05:00	151.32307	151.32674	151.32273	151.32662	415
2025.12.10	06:00	151.35631	151.35642	151.33533	151.33545	316
2025.12.10	07:00	151.30206	151.31819	151.30193	151.31812	182
2025.12.10	08:00	151.27148	151.27195	151.27124	151.27182	75
2025.12.10	09:00	151.21057	151.21356	151.21054	151.21351	235
2025.12.10	10:00	151.15588	151.15594	151.15186	151.15212	455
2025.12.10	11:00	151.11024	151.11034	151.10625	151.10637	482
2025.12.10	12:00	151.09331	151.09355	151.0817	151.08174	151
2025.12.10	13:00	151.12604	151.12612	151.09977	151.09988	372
2025.12.10	14:00	151.16131	151.16348	151.16123	151.16334	436
2025.12.10	15:00	151.1389	151.13901	151.10393	151.10394	313
2025.12.10	16:00	151.0494	151.07182	151.04923	151.07181	162
2025.12.10	17:00	151.05639	151.08986	151.05626	151.08983	64
2025.12.10	18:00	151.01799	151.01808	151.0057	151.00594	238
2025.12.10	19:00	151.06145	151.0637	151.06141	151.06358	435
2025.12.10	20:00	151.12498	151.12514	151.11613	151.11625	174
2025.12.10	21:00	151.05642	151.06394	151.05639	151.06386	103
2025.12.10	22:00	151.02518	151.02525	151.01162	151.01165	323
2025.12.10	23:00	150.98672	150.98807	150.98656	150.98797	436
2025.12.11	00:00	151.03885	151.04962	151.03863	151.04943	75
2025.12.11	01:00	151.01626	151.01626	151.00364	151.00387	79
2025.12.11	02:00	150.99151	150.99961	150.99125	150.99948	417
2025.12.11	03:00	151.00377	151.00745	151.00371	151.00736	92
2025.12.11	04:00	150.8636	150.86362	150.85439	150.85445	286
2025.12.11	05:00	150.80003	150.8092	150.79998	150.80917	417
2025.12.11	06:00	150.77237	150.79525	150.77227	150.79516	474
2025.12.11	07:00	150.83992	150.84388	150.83979	150.84383	70
2025.12.11	08:00	150.81618	150.82014	150.81611	150.82009	272
2025.12.11	09:00	150.85598	150.85616	150.85276	150.85284	355
2025.12.11	10:00	150.86767	150.87391	150.86748	150.8738	69
2025.12.11	11:00	150.85703	150.86307	150.85691	150.86304	69
2025.12.11	12:00	150.89106	150.89213	150.89085	150.89201	373
2025.12.11	13:00	150.93718	150.93723	150.93413	150.93438	217
2025.12.11	14:00	150.92425	150.92431	150.91491	150.91496	491
2025.12.11	15:00	150.91574	150.91585	150.90558	150.90559	194
2025.12.11	16:00	150.92734	150.93443	150.92721	150.93442	291
2025.12.11	17:00	150.91971	150.91971	150.91854	150.9186	475
2025.12.11	18:00	151.03431	151.03436	151.01878	151.01886	136
2025.12.11	19:00	151.06418	151.07124	151.06404	151.07116	376
2025.12.11	20:00	151.04625	151.04704	151.04597	151.04694	113
2025.12.11	21:00	151.09122	151.10402	151.09117	151.10388	82
2025.12.11	22:00	151.12836	151.13421	151.12815	151.13419	122
2025.12.11	23:00	151.07156	151.07163	151.0555	151.05575	486
2025.12.12	00:00	151.04988	151.05944	151.04979	151.05935	170
2025.12.12	01:00	151.10462	151.1048	151.08891	151.08893	75
2025.12.12	02:00	151.07858	151.08361	151.07851	151.08357	428
2025.12.12	03:00	151.07861	151.07975	151.0784	151.07974	400
2025.12.12	04:00	151.01072	151.01077	151.00746	151.00781	302
2025.12.12	05:00	151.00287	151.00309	151.00165	151.00166	223
2025.12.12	06:00	150.90076	150.90283	150.90074	150.9028	343
2025.12.12	07:00	150.89794	150.90943	150.89782	150.90928	154
2025.12.12	08:00	150.88469	150.90139	150.88452	150.90133	440
2025.12.12	09:00	150.88397	150.89177	150.88377	150.89167	407
2025.12.12	10:00	150.91439	150.91449	150.908	150.90801	147
2025.12.12	11:00	150.86855	150.87291	150.86853	150.87265	499
2025.12.12	12:00	150.91025	150.91039	150.90964	150.90987	214
2025.12.12	13:00	150.89441	150.89455	150.87759	150.87772	174
2025.12.12	14:00	150.9076	150.90825	150.90742	150.9082	68
2025.12.12	15:00	150.9161	150.91937	150.91599	150.91911	119
2025.12.12	16:00	150.90813	150.93566	150.9079	150.93552	78
2025.12.12	17:00	150.95847	150.97154	150.95821	150.97146	87
2025.12.12	18:00	150.96843	150.99674	150.96839	150.99667	268
2025.12.12	19:00	151.03229	151.03256	151.03203	151.03208	391
2025.12.12	20:00	151.04127	151.05076	151.04125	151.05075	136
2025.12.12	21:00	151.16325	151.16338	151.16092	151.16101	61
2025.12.12	22:00	151.154	151.15409	151.13604	151.13623	436
2025.12.12	23:00	151.13321	151.13326	151.12686	151.12701	205
2025.12.15	00:00	151.08404	151.08416	151.08184	151.08212	249
2025.12.15	01:00	151.06869	151.06894	151.04649	151.04654	165
2025.12.15	02:00	151.01662	151.01706	150.99982	151.00003	91
2025.12.15	03:00	151.06944	151.06951	151.06052	151.0608	410
2025.12.15	04:00	151.10867	151.1191	151.10848	151.11894	340
2025.12.15	05:00	151.04482	151.04511	151.03295	151.03305	475
2025.12.15	06:00	150.95139	150.9516	150.94505	150.94517	171
2025.12.15	07:00	150.96477	150.98037	150.96471	150.9803	240
2025.12.15	08:00	150.99386	150.99508	150.99376	150.99506	290
2025.12.15	09:00	151.01089	151.01099	151.00747	151.00762	268
2025.12.15	10:00	151.0316	151.03879	151.0316	151.03864	467
2025.12.15	11:00	151.03882	151.05021	151.03875	151.0502	492
2025.12.15	12:00	151.09448	151.09465	151.06913	151.06924	276
2025.12.15	13:00	151.03143	151.04704	151.03118	151.04696	334
2025.12.15	14:00	150.99277	151.01026	150.99274	151.01019	282
2025.12.15	15:00	151.01981	151.03052	151.01968	151.03036	165
2025.12.15	16:00	151.02889	151.02902	151.02235	151.02258	349
2025.12.15	17:00	150.93086	150.93119	150.92389	150.92392	239
2025.12.15	18:00	150.96227	150.96524	150.96215	150.96508	379
2025.12.15	19:00	150.9976	150.99781	150.99309	150.99329	259
2025.12.15	20:00	150.9986	151.01429	150.99841	151.01407	161
2025.12.15	21:00	151.03477	151.03485	151.02971	151.02977	123
2025.12.15	22:00	151.01959	151.01978	151.0088	151.00887	97
2025.12.15	23:00	150.95353	150.96574	150.95321	150.96551	112
2025.12.16	00:00	151.0164	151.03067	151.01628	151.0305	51
2025.12.16	01:00	151.04181	151.04212	151.02533	151.02539	448
2025.12.16	02:00	151.09873	151.1092	151.09855	151.10908	452
2025.12.16	03:00	151.02258	151.02268	151.01487	151.01491	85
2025.12.16	04:00	151.06125	151.06126	151.05999	151.0602	115
2025.12.16	05:00	150.99342	150.99365	150.9881	150.98826	101
2025.12.16	06:00	150.98019	151.00318	150.98019	151.00299	177
2025.12.16	07:00	150.99375	151.01224	150.99361	151.01222	421
2025.12.16	08:00	151.00296	151.01278	151.00291	151.01264	459
2025.12.16	09:00	150.98415	150.98433	150.96938	150.96945	292
2025.12.16	10:00	150.98795	151.01553	150.98784	151.0155	221
2025.12.16	11:00	151.0514	151.05148	151.04182	151.042	424
2025.12.16	12:00	151.03719	151.04355	151.03707	151.04351	100
2025.12.16	13:00	151.01247	151.02115	151.01234	151.02102	440
2025.12.16	14:00	151.04826	151.06791	151.04815	151.06788	172
2025.12.16	15:00	151.10467	151.10797	151.10463	151.10774	102
2025.12.16	16:00	151.0954	151.10243	151.09532	151.10226	486
2025.12.16	17:00	151.13472	151.14517	151.13457	151.14503	170
2025.12.16	18:00	151.09513	151.09525	151.08409	151.08415	94
2025.12.16	19:00	151.00998	151.02777	151.00982	151.02745	171
2025.12.16	20:00	151.00882	151.01789	151.0088	151.01776	80
2025.12.16	21:00	151.01649	151.0261	151.01642	151.02598	250
2025.12.16	22:00	151.01952	151.01974	151.00953	151.00973	260
2025.12.16	23:00	151.08588	151.08595	151.07554	151.07557	234
2025.12.17	00:00	151.08998	151.09367	151.08986	151.0934	432
2025.12.17	01:00	151.01073	151.01074	151.00654	151.00657	469
2025.12.17	02:00	151.0296	151.02967	151.02112	151.02116	189
2025.12.17	03:00	151.04139	151.04189	151.04129	151.04185	158
2025.12.17	04:00	151.06281	151.06289	151.03101	151.03115	331
2025.12.17	05:00	151.04767	151.04773	151.02479	151.02486	104
2025.12.17	06:00	151.00914	151.00918	151.00802	151.00806	431
2025.12.17	07:00	150.95494	150.95498	150.94679	150.94685	301
2025.12.17	08:00	151.02589	151.02602	151.02349	151.02363	276
2025.12.17	09:00	151.03459	151.03481	151.02109	151.02116	420
2025.12.17	10:00	151.06089	151.075	151.06074	151.0747	172
2025.12.17	11:00	151.07717	151.09142	151.07697	151.09141	86
2025.12.17	12:00	151.09593	151.10169	151.09559	151.10147	217
2025.12.17	13:00	151.05637	151.05648	151.05563	151.05573	490
2025.12.17	14:00	151.06184	151.06423	151.06183	151.06409	205
2025.12.17	15:00	151.04392	151.0561	151.04389	151.05608	214
2025.12.17	16:00	151.10659	151.10662	151.09929	151.09931	51
2025.12.17	17:00	151.10002	151.12359	151.09977	151.12342	107
2025.12.17	18:00	151.10971	151.112	151.10969	151.11183	451
2025.12.17	19:00	151.04932	151.04933	151.03418	151.03418	389
2025.12.17	20:00	151.08578	151.08704	151.08547	151.08672	226
2025.12.17	21:00	151.01404	151.01425	151.01297	151.01304	181
2025.12.17	22:00	151.01465	151.0147	150.99621	150.99624	462
2025.12.17	23:00	150.92651	150.95455	150.9265	150.95435	433
2025.12.18	00:00	151.00012	151.00019	150.98438	150.9846	220
2025.12.18	01:00	150.92342	150.9236	150.91603	150.91625	151
2025.12.18	02:00	150.88387	150.8839	150.88132	150.88146	454
2025.12.18	03:00	150.78809	150.80286	150.78808	150.80255	367
2025.12.18	04:00	150.87371	150.87396	150.86622	150.86629	129
2025.12.18	05:00	150.97155	150.97172	150.95725	150.9576	232
2025.12.18	06:00	150.91124	150.92061	150.91118	150.92054	208
2025.12.18	07:00	150.95963	150.9598	150.93145	150.93155	83
2025.12.18	08:00	150.94061	150.94079	150.93142	150.93151	355
2025.12.18	09:00	150.98248	150.98255	150.96826	150.96826	61
2025.12.18	10:00	150.97873	150.98454	150.97859	150.98447	195
2025.12.18	11:00	151.07502	151.07504	151.05604	151.05613	428
2025.12.18	12:00	151.01673	151.01689	151.01528	151.01545	82
2025.12.18	13:00	151.06446	151.06455	151.04601	151.04604	225
2025.12.18	14:00	150.98448	150.98489	150.97437	150.97465	144
2025.12.18	15:00	150.94145	150.94151	150.93544	150.93555	343
2025.12.18	16:00	150.92755	150.93913	150.92742	150.93901	420
2025.12.18	17:00	150.96178	150.96203	150.95122	150.95122	326
2025.12.18	18:00	150.92341	150.92346	150.92292	150.92316	207
2025.12.18	19:00	150.87613	150.87638	150.85428	150.85471	163
2025.12.18	20:00	150.84004	150.8404	150.83971	150.83974	152
2025.12.18	21:00	150.94449	150.95941	150.94442	150.95935	473
2025.12.18	22:00	150.96819	150.96837	150.95047	150.95061	164
2025.12.18	23:00	151.01595	151.05528	151.01571	151.05506	270
2025.12.19	00:00	150.98249	150.99257	150.9824	150.99237	369
2025.12.19	01:00	150.96429	150.9645	150.95709	150.95713	452
2025.12.19	02:00	150.98283	150.98288	150.97878	150.97878	156
2025.12.19	03:00	150.95991	150.95999	150.94879	150.9489	290
2025.12.19	04:00	150.99816	151.01493	150.99814	151.01484	85
2025.12.19	05:00	151.06317	151.06448	151.06306	151.06442	238
2025.12.19	06:00	150.97776	150.97797	150.96683	150.96693	250
2025.12.19	07:00	150.93798	150.94883	150.93783	150.9488	415
2025.12.19	08:00	150.98604	150.98611	150.98519	150.98535	368
2025.12.19	09:00	151.04458	151.04818	151.04456	151.0481	61
2025.12.19	10:00	151.03788	151.03802	151.03446	151.03456	453
2025.12.19	11:00	151.04077	151.04094	151.0334	151.0334	163
2025.12.19	12:00	151.02077	151.03857	151.02072	151.03838	413
2025.12.19	13:00	151.00259	151.00281	150.98061	150.98061	103
2025.12.19	14:00	150.97885	150.97911	150.977	150.97721	173
2025.12.19	15:00	151.04245	151.04271	151.03228	151.03228	352
2025.12.19	16:00	151.00815	151.00816	150.98929	150.9894	420
2025.12.19	17:00	150.96894	150.96906	150.93823	150.93842	388
2025.12.19	18:00	150.97148	150.97169	150.95664	150.95682	360
2025.12.19	19:00	150.92715	150.9272	150.92432	150.92433	433
2025.12.19	20:00	150.87435	150.89801	150.87434	150.89793	298
2025.12.19	21:00	150.92446	150.94626	150.92432	150.9462	55
2025.12.19	22:00	150.97091	150.97091	150.95899	150.95909	459
2025.12.19	23:00	150.99312	150.99327	150.99222	150.99248	154
2025.12.22	00:00	151.00159	151.0016	150.99526	150.99533	93
2025.12.22	01:00	151.00773	151.00797	150.97403	150.97425	199
2025.12.22	02:00	150.91451	150.91468	150.90222	150.90228	174
2025.12.22	03:00	150.89387	150.90976	150.89379	150.90965	348
2025.12.22	04:00	150.96515	150.96516	150.95287	150.9529	230
2025.12.22	05:00	150.96595	150.97486	150.96593	150.97469	413
2025.12.22	06:00	150.97859	150.97868	150.97376	150.97381	202
2025.12.22	07:00	150.92746	150.92768	150.90742	150.90748	360
2025.12.22	08:00	150.86483	150.87365	150.86471	150.87357	230
2025.12.22	09:00	150.87316	150.8732	150.86247	150.86255	237
2025.12.22	10:00	150.79215	150.79229	150.79105	150.79111	200
2025.12.22	11:00	150.83871	150.83883	150.79288	150.79289	488
2025.12.22	12:00	150.7241	150.72411	150.71606	150.71621	462
2025.12.22	13:00	150.75859	150.75873	150.73845	150.73856	304
2025.12.22	14:00	150.75783	150.75793	150.73176	150.73199	460
2025.12.22	15:00	150.75151	150.76042	150.75144	150.7604	383
2025.12.22	16:00	150.80557	150.83293	150.80549	150.83287	396
2025.12.22	17:00	150.83401	150.83417	150.82771	150.82795	54
2025.12.22	18:00	150.84267	150.8484	150.84246	150.84839	113
2025.12.22	19:00	150.87657	150.8766	150.85967	150.85977	199
2025.12.22	20:00	150.95877	150.9734	150.95875	150.97331	56
2025.12.22	21:00	150.9997	151.00857	150.99966	151.00844	479
2025.12.22	22:00	150.96285	150.96294	150.95767	150.95773	229
2025.12.22	23:00	151.03272	151.03287	151.02865	151.02879	318
2025.12.23	00:00	150.97172	150.99701	150.97148	150.99694	206
2025.12.23	01:00	150.96282	150.97407	150.96265	150.97395	265
2025.12.23	02:00	150.99469	150.99489	150.99264	150.99279	57
2025.12.23	03:00	150.95127	150.95133	150.94809	150.9483	104
2025.12.23	04:00	150.92359	150.93237	150.92355	150.93224	382
2025.12.23	05:00	151.04436	151.06013	151.04431	151.05991	348
2025.12.23	06:00	151.04047	151.04079	151.04028	151.04043	148
2025.12.23	07:00	151.07162	151.0731	151.07153	151.07294	191
2025.12.23	08:00	150.99587	151.00816	150.99582	151.00813	417
2025.12.23	09:00	151.04225	151.04234	151.02199	151.02224	307
2025.12.23	10:00	150.95479	150.95483	150.94821	150.94822	401
2025.12.23	11:00	150.95816	150.97648	150.95789	150.97624	143
2025.12.23	12:00	151.01281	151.024	151.01276	151.02398	414
2025.12.23	13:00	151.09948	151.09959	151.09882	151.09909	162
2025.12.23	14:00	151.06598	151.07993	151.06595	151.0799	422
2025.12.23	15:00	151.08139	151.08144	151.07195	151.07202	231
2025.12.23	16:00	151.0681	151.07627	151.06797	151.07618	256
2025.12.23	17:00	151.08162	151.0818	151.07671	151.07677	461
2025.12.23	18:00	151.07009	151.0981	151.0699	151.09807	475
2025.12.23	19:00	151.09838	151.13703	151.09836	151.13699	236
2025.12.23	20:00	151.11112	151.11142	151.10333	151.10351	401
2025.12.23	21:00	151.05881	151.05904	151.04984	151.04995	91
2025.12.23	22:00	151.07627	151.07633	151.05071	151.0509	55
2025.12.23	23:00	151.08883	151.08898	151.07971	151.07981	488
2025.12.24	00:00	151.10423	151.10432	151.10403	151.10407	440
2025.12.24	01:00	150.98272	150.99461	150.98265	150.99437	391
2025.12.24	02:00	151.00789	151.00803	150.99693	150.99711	337
2025.12.24	03:00	150.98232	150.99224	150.98227	150.99204	494
2025.12.24	04:00	151.05881	151.06252	151.0586	151.06231	320
2025.12.24	05:00	151.10305	151.10316	151.09088	151.09112	217
2025.12.24	06:00	151.14854	151.15703	151.14851	151.15701	447
2025.12.24	07:00	151.09889	151.10386	151.09884	151.10386	144
2025.12.24	08:00	151.08969	151.08982	151.07021	151.07027	314
2025.12.24	09:00	150.99344	151.00881	150.99293	151.00874	124
2025.12.24	10:00	151.00412	151.0042	150.99354	150.99361	248
2025.12.24	11:00	151.03059	151.04348	151.03048	151.04331	134
2025.12.24	12:00	151.10653	151.1067	151.0948	151.0949	124
2025.12.24	13:00	151.07207	151.07948	151.07201	151.07941	114
2025.12.24	14:00	151.08091	151.09002	151.08085	151.08997	365
2025.12.24	15:00	151.10958	151.1097	151.09244	151.09252	395
2025.12.24	16:00	151.10399	151.10408	151.1	151.10008	120
2025.12.24	17:00	151.11896	151.11911	151.11664	151.11673	232
2025.12.24	18:00	151.14831	151.14841	151.1313	151.1313	401
2025.12.24	19:00	151.06545	151.06555	151.04731	151.04735	216
2025.12.24	20:00	151.03195	151.06376	151.03179	151.06364	70
2025.12.24	21:00	151.15012	151.15024	151.12638	151.12647	87
2025.12.24	22:00	151.10022	151.10032	151.08937	151.08938	50
2025.12.24	23:00	151.06366	151.07529	151.06362	151.07515	285
2025.12.25	00:00	151.0918	151.09211	151.09169	151.09197	466
2025.12.25	01:00	150.99503	150.99575	150.99473	150.99567	62
2025.12.25	02:00	151.0181	151.03819	151.01809	151.03779	60
2025.12.25	03:00	151.05035	151.05037	151.0463	151.04655	460
2025.12.25	04:00	151.00032	151.00037	150.99116	150.99123	149
2025.12.25	05:00	150.98559	150.98659	150.98551	150.98652	480
2025.12.25	06:00	150.98698	150.98709	150.98318	150.98325	472
2025.12.25	07:00	151.01448	151.01469	150.99941	150.9996	167
2025.12.25	08:00	151.06353	151.06374	151.05983	151.05996	251
2025.12.25	09:00	151.0238	151.02408	151.01961	151.01961	376
2025.12.25	10:00	151.04099	151.0412	151.0247	151.02476	481
2025.12.25	11:00	151.04203	151.05637	151.04196	151.0563	278
2025.12.25	12:00	151.04402	151.0652	151.04395	151.06508	208
2025.12.25	13:00	151.08805	151.09486	151.08801	151.09482	469
2025.12.25	14:00	151.09981	151.11991	151.09972	151.11988	331
2025.12.25	15:00	151.05056	151.06068	151.0505	151.06052	412
2025.12.25	16:00	151.08755	151.10077	151.0872	151.10062	363
2025.12.25	17:00	151.05791	151.06275	151.05771	151.06264	442
2025.12.25	18:00	151.04712	151.05913	151.04706	151.05912	384
2025.12.25	19:00	150.98423	151.00266	150.98416	151.00246	250
2025.12.25	20:00	150.99938	151.00246	150.99931	151.00239	386
2025.12.25	21:00	151.05438	151.05454	151.03657	151.0366	152
2025.12.25	22:00	151.09924	151.10146	151.09907	151.10138	199
2025.12.25	23:00	151.08172	151.08588	151.08154	151.08566	312
2025.12.26	00:00	151.07724	151.07724	151.06208	151.06227	147
2025.12.26	01:00	150.93499	150.93872	150.93482	150.93865	182
2025.12.26	02:00	150.92996	150.93003	150.91793	150.91797	160
2025.12.26	03:00	150.89799	150.9293	150.89798	150.92917	131
2025.12.26	04:00	150.91934	150.91946	150.9187	150.91881	334
2025.12.26	05:00	150.92525	150.92537	150.91416	150.91449	134
2025.12.26	06:00	150.95963	150.96493	150.95953	150.96483	161
2025.12.26	07:00	150.94859	150.9486	150.93072	150.93073	243
2025.12.26	08:00	150.91101	150.91441	150.91094	150.91432	462
2025.12.26	09:00	150.81443	150.81445	150.80486	150.805	481
2025.12.26	10:00	150.80735	150.80738	150.79306	150.79328	248
2025.12.26	11:00	150.81269	150.82736	150.81236	150.82716	297
2025.12.26	12:00	150.77002	150.77475	150.76988	150.77466	180
2025.12.26	13:00	150.86967	150.87057	150.86963	150.87022	87
2025.12.26	14:00	150.93914	150.94364	150.93908	150.94336	291
2025.12.26	15:00	150.99194	150.99206	150.9792	150.97936	325
2025.12.26	16:00	151.01162	151.01163	151.0026	151.00278	278
2025.12.26	17:00	151.03342	151.05047	151.03328	151.05041	99
2025.12.26	18:00	151.10789	151.12206	151.10782	151.12203	388
2025.12.26	19:00	151.09565	151.0958	151.09149	151.09151	328
2025.12.26	20:00	151.14729	151.14732	151.13041	151.13079	427
2025.12.26	21:00	151.01735	151.0223	151.01705	151.02222	335
2025.12.26	22:00	151.04304	151.05239	151.04299	151.05224	91
2025.12.26	23:00	150.99776	150.99785	150.97306	150.97319	84
2025.12.29	00:00	150.90529	150.9165	150.90527	150.91638	274
2025.12.29	01:00	150.81807	150.8341	150.81793	150.83384	243
2025.12.29	02:00	150.88465	150.89751	150.88451	150.89727	405
2025.12.29	03:00	150.9338	150.94331	150.93369	150.9432	403
2025.12.29	04:00	150.9112	150.91591	150.91092	150.91568	217
2025.12.29	05:00	150.96488	150.98024	150.96482	150.98021	145
2025.12.29	06:00	150.99179	150.9918	150.98947	150.98967	445
2025.12.29	07:00	151.01584	151.01753	151.01575	151.01742	293
2025.12.29	08:00	151.05151	151.05175	151.03946	151.03946	176
2025.12.29	09:00	151.08883	151.08887	151.07078	151.0709	429
2025.12.29	10:00	151.09595	151.10912	151.09577	151.10878	401
2025.12.29	11:00	151.11879	151.11901	151.10917	151.10918	69
2025.12.29	12:00	151.0514	151.05143	151.03922	151.03928	127
2025.12.29	13:00	151.01499	151.02406	151.01495	151.02384	58
2025.12.29	14:00	151.03986	151.04302	151.03978	151.04286	102
2025.12.29	15:00	151.01026	151.01039	151.00299	151.00332	377
2025.12.29	16:00	151.04316	151.04866	151.04315	151.04861	389
2025.12.29	17:00	151.0635	151.06363	151.04627	151.04633	211
2025.12.29	18:00	151.06314	151.06436	151.0631	151.06382	123
2025.12.29	19:00	150.98562	150.98563	150.97584	150.97586	398
2025.12.29	20:00	150.9236	150.9237	150.91769	150.91795	325
2025.12.29	21:00	150.93132	150.9333	150.93125	150.93297	493
2025.12.29	22:00	150.9591	150.97849	150.95894	150.97832	349
2025.12.29	23:00	150.95278	150.95279	150.92698	150.92702	270
2025.12.30	00:00	150.96418	150.96427	150.95533	150.95553	493
2025.12.30	01:00	150.95353	150.96575	150.95325	150.96572	68
2025.12.30	02:00	150.96599	150.98724	150.96596	150.98707	449
2025.12.30	03:00	150.91984	150.94027	150.9198	150.94006	421
2025.12.30	04:00	150.98587	150.98764	150.98552	150.98763	469
2025.12.30	05:00	151.00534	151.00538	150.99749	150.99757	186
2025.12.30	06:00	151.03681	151.03681	151.00571	151.00579	283
2025.12.30	07:00	150.98299	150.983	150.97035	150.97049	465
2025.12.30	08:00	150.9428	150.94296	150.9415	150.94153	184
2025.12.30	09:00	150.87496	150.87947	150.87475	150.87931	459
2025.12.30	10:00	150.88462	150.88486	150.85824	150.85825	463
2025.12.30	11:00	150.8244	150.84144	150.82402	150.84131	217
2025.12.30	12:00	150.8043	150.81841	150.80413	150.81836	180
2025.12.30	13:00	150.7923	150.79242	150.77589	150.77626	492
2025.12.30	14:00	150.75304	150.75308	150.71319	150.71323	245
2025.12.30	15:00	150.72986	150.73	150.7116	150.71163	160
2025.12.30	16:00	150.67702	150.67712	150.66021	150.66036	416
2025.12.30	17:00	150.62043	150.62061	150.61591	150.61596	461
2025.12.30	18:00	150.55658	150.57236	150.55653	150.57204	448
2025.12.30	19:00	150.46062	150.46067	150.44585	150.44589	176
2025.12.30	20:00	150.55478	150.55484	150.54814	150.5484	376
2025.12.30	21:00	150.51405	150.51435	150.50495	150.50517	95
2025.12.30	22:00	150.47327	150.47929	150.47287	150.47925	145
2025.12.30	23:00	150.51378	150.5138	150.49042	150.4905	201
2025.12.31	00:00	150.47886	150.47894	150.46767	150.46786	411
2025.12.31	01:00	150.50783	150.51807	150.50774	150.51805	156
2025.12.31	02:00	150.49415	150.4943	150.48985	150.49004	238
2025.12.31	03:00	150.60053	150.60923	150.60045	150.60896	290
2025.12.31	04:00	150.58515	150.58529	150.58237	150.5825	260
2025.12.31	05:00	150.58073	150.58104	150.57201	150.57206	150
2025.12.31	06:00	150.61646	150.61653	150.60691	150.6072	474
2025.12.31	07:00	150.55715	150.55716	150.5447	150.54489	142
2025.12.31	08:00	150.57261	150.57264	150.57104	150.57121	264
2025.12.31	09:00	150.66786	150.6679	150.66702	150.66723	443
2025.12.31	10:00	150.65561	150.67274	150.65543	150.67266	308
2025.12.31	11:00	150.7034	150.73387	150.70296	150.73385	462
2025.12.31	12:00	150.75906	150.77964	150.75894	150.77949	128
2025.12.31	13:00	150.66772	150.69153	150.66772	150.69146	284
2025.12.31	14:00	150.73928	150.74382	150.73919	150.74354	60
2025.12.31	15:00	150.75661	150.75682	150.73683	150.73689	409
2025.12.31	16:00	150.75694	150.7657	150.75674	150.76559	425
2025.12.31	17:00	150.86641	150.87955	150.8664	150.87953	64
2025.12.31	18:00	150.97569	150.99155	150.97566	150.99135	142
2025.12.31	19:00	150.998	150.99833	150.98697	150.98698	252
2025.12.31	20:00	150.97414	150.98211	150.97404	150.98208	313
2025.12.31	21:00	151.04695	151.06363	151.04683	151.06361	288
2025.12.31	22:00	151.1242	151.12793	151.12408	151.12791	271
2025.12.31	23:00	151.13854	151.13897	151.1385	151.13894	490
2026.01.01	00:00	151.15654	151.15828	151.15639	151.15826	256
2026.01.01	01:00	151.09167	151.0922	151.09158	151.09218	493
2026.01.01	02:00	151.07537	151.08699	151.0753	151.08693	305
2026.01.01	03:00	151.04826	151.05237	151.04791	151.05229	334
2026.01.01	04:00	151.16054	151.16058	151.14995	151.15012	259
2026.01.01	05:00	151.15424	151.15449	151.15397	151.15403	316
2026.01.01	06:00	151.19065	151.19462	151.19056	151.19457	146
2026.01.01	07:00	151.12723	151.14684	151.12719	151.14673	180
2026.01.01	08:00	151.19931	151.20219	151.19929	151.20209	402
2026.01.01	09:00	151.23828	151.23833	151.23402	151.23411	98
2026.01.01	10:00	151.26034	151.26301	151.25997	151.26281	311
2026.01.01	11:00	151.2567	151.27783	151.25669	151.27781	327
2026.01.01	12:00	151.33968	151.35144	151.33934	151.35119	376
2026.01.01	13:00	151.32541	151.35777	151.32528	151.35773	490
2026.01.01	14:00	151.42143	151.43025	151.42143	151.43019	486
2026.01.01	15:00	151.42793	151.42802	151.41178	151.4119	308
2026.01.01	16:00	151.44471	151.44479	151.42949	151.42952	444
2026.01.01	17:00	151.42678	151.42682	151.42029	151.42035	233
2026.01.01	18:00	151.42483	151.42488	151.39074	151.39082	494
2026.01.01	19:00	151.33989	151.34007	151.3318	151.33185	97
2026.01.01	20:00	151.28079	151.28146	151.28064	151.28144	441
2026.01.01	21:00	151.30205	151.30209	151.29271	151.29276	278
2026.01.01	22:00	151.33268	151.33281	151.31902	151.31906	219
2026.01.01	23:00	151.36403	151.36407	151.36273	151.36282	255
2026.01.02	00:00	151.38992	151.39183	151.38978	151.3918	141
2026.01.02	01:00	151.41701	151.42726	151.41694	151.4271	131
2026.01.02	02:00	151.41969	151.41974	151.40582	151.40595	447
2026.01.02	03:00	151.44615	151.4462	151.43632	151.4364	104
2026.01.02	04:00	151.47073	151.49113	151.47053	151.49098	356
2026.01.02	05:00	151.39133	151.39458	151.39126	151.39448	335
2026.01.02	06:00	151.40417	151.40439	151.38218	151.38231	162
2026.01.02	07:00	151.43042	151.44658	151.43011	151.44643	388
2026.01.02	08:00	151.44978	151.45598	151.44974	151.45587	369
2026.01.02	09:00	151.54944	151.55706	151.54938	151.55692	71
2026.01.02	10:00	151.54591	151.54597	151.53934	151.53955	483
2026.01.02	11:00	151.53292	151.53297	151.50785	151.50785	322
2026.01.02	12:00	151.43271	151.43273	151.42656	151.42658	375
2026.01.02	13:00	151.42449	151.44788	151.42439	151.44767	390
2026.01.02	14:00	151.53599	151.54852	151.53598	151.54851	442
2026.01.02	15:00	151.61022	151.61029	151.60517	151.60525	285
2026.01.02	16:00	151.61302	151.62932	151.61267	151.62906	403
2026.01.02	17:00	151.6397	151.64002	151.63846	151.63851	75
2026.01.02	18:00	151.66768	151.66778	151.66226	151.66227	363
2026.01.02	19:00	151.63917	151.63932	151.6223	151.62236	96
2026.01.02	20:00	151.65872	151.66084	151.65865	151.6605	474
2026.01.02	21:00	151.65188	151.65197	151.64924	151.64938	335
2026.01.02	22:00	151.65148	151.6641	151.65147	151.66392	403
2026.01.02	23:00	151.63465	151.63478	151.61399	151.61415	174
2026.01.05	00:00	151.6203	151.62035	151.6127	151.6129	144
2026.01.05	01:00	151.64909	151.64917	151.64197	151.64198	304
2026.01.05	02:00	151.70944	151.71032	151.70937	151.71029	383
2026.01.05	03:00	151.65862	151.65899	151.64558	151.64563	231
2026.01.05	04:00	151.5826	151.58876	151.58251	151.58867	153
2026.01.05	05:00	151.57404	151.57425	151.57111	151.57146	391
2026.01.05	06:00	151.55683	151.56293	151.55651	151.56293	325
2026.01.05	07:00	151.58163	151.58227	151.58139	151.58214	387
2026.01.05	08:00	151.61695	151.62334	151.61691	151.62328	70
2026.01.05	09:00	151.59247	151.59264	151.58282	151.583	436
2026.01.05	10:00	151.57556	151.5756	151.56149	151.56162	239
2026.01.05	11:00	151.54832	151.56097	151.54831	151.56091	278
2026.01.05	12:00	151.54592	151.54594	151.52451	151.52455	151
2026.01.05	13:00	151.58688	151.5869	151.58427	151.58434	171
2026.01.05	14:00	151.48535	151.5093	151.48506	151.50916	398
2026.01.05	15:00	151.49599	151.4961	151.46604	151.46612	295
2026.01.05	16:00	151.4679	151.46797	151.44176	151.44184	107
2026.01.05	17:00	151.48566	151.49888	151.48559	151.49881	259
2026.01.05	18:00	151.50533	151.52081	151.50527	151.5205	151
2026.01.05	19:00	151.52718	151.53124	151.52695	151.53114	145
2026.01.05	20:00	151.51135	151.51899	151.51119	151.51887	398
2026.01.05	21:00	151.55482	151.55489	151.54985	151.5499	395
2026.01.05	22:00	151.45694	151.45704	151.42628	151.4264	410
2026.01.05	23:00	151.39558	151.3958	151.39347	151.39356	274
2026.01.06	00:00	151.30287	151.3031	151.30207	151.30207	196
2026.01.06	01:00	151.3119	151.31201	151.27487	151.27509	119
2026.01.06	02:00	151.34175	151.34186	151.33615	151.33627	254
2026.01.06	03:00	151.39619	151.39625	151.37466	151.37467	322
2026.01.06	04:00	151.41481	151.41498	151.40655	151.40676	102
2026.01.06	05:00	151.35561	151.35566	151.33435	151.33436	162
2026.01.06	06:00	151.32562	151.34012	151.3255	151.33998	450
2026.01.06	07:00	151.36318	151.36329	151.34212	151.3422	134
2026.01.06	08:00	151.35204	151.35404	151.35196	151.35393	166
2026.01.06	09:00	151.31248	151.32107	151.31221	151.32097	452
2026.01.06	10:00	151.30532	151.31997	151.30517	151.3197	185
2026.01.06	11:00	151.35546	151.36539	151.35522	151.36523	66
2026.01.06	12:00	151.36919	151.38746	151.3691	151.38746	294
2026.01.06	13:00	151.38256	151.38674	151.38249	151.38672	57
2026.01.06	14:00	151.35126	151.35134	151.34419	151.34439	357
2026.01.06	15:00	151.36441	151.38558	151.3643	151.38557	424
2026.01.06	16:00	151.34584	151.34711	151.34577	151.34701	167
2026.01.06	17:00	151.3245	151.3247	151.30173	151.30185	277
2026.01.06	18:00	151.32788	151.32794	151.31622	151.31624	193
2026.01.06	19:00	151.18419	151.20315	151.18418	151.20299	73
2026.01.06	20:00	151.21796	151.23121	151.21784	151.2312	142
2026.01.06	21:00	151.27374	151.29753	151.27348	151.29728	491
2026.01.06	22:00	151.23885	151.25031	151.23876	151.25029	353
2026.01.06	23:00	151.24193	151.24207	151.23097	151.23111	141
2026.01.07	00:00	151.3115	151.31165	151.28481	151.28486	100
2026.01.07	01:00	151.28438	151.28471	151.28345	151.2836	135
2026.01.07	02:00	151.22183	151.22208	151.21774	151.21797	342
2026.01.07	03:00	151.25911	151.2592	151.24736	151.24742	461
2026.01.07	04:00	151.22542	151.22689	151.2254	151.22665	123
2026.01.07	05:00	151.22087	151.22088	151.20189	151.20192	460
2026.01.07	06:00	151.19607	151.19609	151.1673	151.16759	138
2026.01.07	07:00	151.18234	151.19368	151.18219	151.19366	456
2026.01.07	08:00	151.14597	151.14629	151.14595	151.14622	370
2026.01.07	09:00	151.17798	151.18876	151.17796	151.18872	318
2026.01.07	10:00	151.09708	151.09712	151.082	151.08208	253
2026.01.07	11:00	151.09084	151.10236	151.09064	151.10234	165
2026.01.07	12:00	151.07586	151.07609	151.06553	151.06564	291
2026.01.07	13:00	151.13082	151.14381	151.13077	151.14352	325
2026.01.07	14:00	151.14438	151.14453	151.13703	151.1371	295
2026.01.07	15:00	151.13975	151.1398	151.13325	151.13332	312
2026.01.07	16:00	151.12458	151.13982	151.12458	151.13978	399
2026.01.07	17:00	151.14301	151.1486	151.14276	151.14857	88
2026.01.07	18:00	151.19261	151.19311	151.18337	151.1834	366
2026.01.07	19:00	151.18209	151.18239	151.17255	151.17268	387
2026.01.07	20:00	151.22651	151.22666	151.20282	151.20285	490
2026.01.07	21:00	151.18457	151.19329	151.18456	151.19307	297
2026.01.07	22:00	151.22984	151.23511	151.22958	151.23501	451
2026.01.07	23:00	151.19594	151.19968	151.19588	151.19965	427
2026.01.08	00:00	151.14942	151.14947	151.1457	151.14573	335
2026.01.08	01:00	151.17519	151.18382	151.1751	151.18376	208
2026.01.08	02:00	151.15012	151.16635	151.15004	151.1662	338
2026.01.08	03:00	151.12144	151.12183	151.10116	151.10146	93
2026.01.08	04:00	151.20489	151.21298	151.2048	151.2129	351
2026.01.08	05:00	151.22131	151.23879	151.2209	151.23858	164
2026.01.08	06:00	151.18321	151.18396	151.183	151.18395	89
2026.01.08	07:00	151.1912	151.20456	151.19111	151.20448	73
2026.01.08	08:00	151.13731	151.1422	151.1371	151.14183	323
2026.01.08	09:00	151.16436	151.17694	151.16434	151.17684	316
2026.01.08	10:00	151.16671	151.16674	151.15015	151.1502	349
2026.01.08	11:00	151.09645	151.11636	151.09633	151.11622	367
2026.01.08	12:00	151.13007	151.13008	151.12307	151.12318	137
2026.01.08	13:00	151.11777	151.11793	151.09439	151.09439	289
2026.01.08	14:00	151.1794	151.17966	151.17823	151.17826	157
2026.01.08	15:00	151.21566	151.22359	151.21548	151.22337	156
2026.01.08	16:00	151.10471	151.10479	151.10242	151.10268	235
2026.01.08	17:00	151.07318	151.09362	151.07316	151.09343	415
2026.01.08	18:00	151.10204	151.10538	151.10202	151.10519	445
2026.01.08	19:00	151.12693	151.12707	151.11944	151.1195	214
2026.01.08	20:00	151.12476	151.12493	151.11963	151.11971	323
2026.01.08	21:00	151.12488	151.12762	151.12477	151.12742	376
2026.01.08	22:00	151.12976	151.13026	151.12239	151.12259	464
2026.01.08	23:00	151.08935	151.08954	151.07295	151.07304	444
2026.01.09	00:00	151.14749	151.15257	151.1474	151.15251	303
2026.01.09	01:00	151.19384	151.19441	151.19363	151.1944	247
2026.01.09	02:00	151.21185	151.21187	151.19582	151.19604	125
2026.01.09	03:00	151.24462	151.24479	151.22638	151.22645	109
2026.01.09	04:00	151.25733	151.25736	151.23908	151.23919	187
2026.01.09	05:00	151.19897	151.19928	151.17987	151.18003	401
2026.01.09	06:00	151.15811	151.15837	151.15609	151.15626	400
2026.01.09	07:00	151.17494	151.18241	151.17486	151.18232	449
2026.01.09	08:00	151.15745	151.16366	151.15736	151.16347	491
2026.01.09	09:00	151.15108	151.15568	151.15105	151.15567	404
2026.01.09	10:00	151.1987	151.21792	151.19861	151.2179	61
2026.01.09	11:00	151.20869	151.24005	151.20866	151.23988	309
2026.01.09	12:00	151.19325	151.21421	151.19312	151.21419	123
2026.01.09	13:00	151.22257	151.22294	151.20993	151.21024	267
2026.01.09	14:00	151.25319	151.25902	151.25303	151.2589	290
2026.01.09	15:00	151.23682	151.24899	151.23656	151.24899	292
2026.01.09	16:00	151.20516	151.20523	151.19821	151.19839	410
2026.01.09	17:00	151.22487	151.22491	151.2216	151.22177	307
2026.01.09	18:00	151.24261	151.25285	151.24249	151.25275	79
2026.01.09	19:00	151.26	151.27451	151.25984	151.27439	440
2026.01.09	20:00	151.29568	151.29587	151.29162	151.29187	270
2026.01.09	21:00	151.26242	151.26776	151.26236	151.26768	80
2026.01.09	22:00	151.28695	151.29755	151.28688	151.29722	254
2026.01.09	23:00	151.35996	151.36007	151.35694	151.35696	207
2026.01.12	00:00	151.35702	151.37335	151.35679	151.37312	495
2026.01.12	01:00	151.39407	151.39519	151.39394	151.39511	84
2026.01.12	02:00	151.44201	151.44234	151.4271	151.4271	259
2026.01.12	03:00	151.45521	151.4553	151.45373	151.45384	68
2026.01.12	04:00	151.46183	151.48819	151.46182	151.48814	473
2026.01.12	05:00	151.41467	151.41468	151.41406	151.41424	388
2026.01.12	06:00	151.41292	151.41551	151.41285	151.41549	414
2026.01.12	07:00	151.43025	151.44386	151.4302	151.44351	167
2026.01.12	08:00	151.43926	151.43949	151.42283	151.42284	270
2026.01.12	09:00	151.41853	151.41856	151.41705	151.41716	314
2026.01.12	10:00	151.41299	151.41314	151.4114	151.41157	117
2026.01.12	11:00	151.5736	151.57375	151.55423	151.55429	303
2026.01.12	12:00	151.52401	151.55367	151.5238	151.55359	232
2026.01.12	13:00	151.529	151.55096	151.52887	151.55085	486
2026.01.12	14:00	151.57999	151.58012	151.56711	151.56731	156
2026.01.12	15:00	151.55038	151.56723	151.55	151.56713	263
2026.01.12	16:00	151.61849	151.62206	151.61846	151.62202	380
2026.01.12	17:00	151.65996	151.66004	151.6569	151.65718	131
2026.01.12	18:00	151.65193	151.66866	151.65193	151.66841	105
2026.01.12	19:00	151.67434	151.67437	151.66904	151.66916	267
2026.01.12	20:00	151.72308	151.73719	151.72307	151.73705	274
2026.01.12	21:00	151.68119	151.68132	151.65998	151.66008	459
2026.01.12	22:00	151.72856	151.73082	151.72841	151.73082	227
2026.01.12	23:00	151.74066	151.75256	151.74053	151.75243	146
2026.01.13	00:00	151.71465	151.7346	151.71435	151.73459	377
2026.01.13	01:00	151.69258	151.70131	151.69249	151.70118	235
2026.01.13	02:00	151.68869	151.68877	151.67985	151.67988	133
2026.01.13	03:00	151.63461	151.63472	151.61336	151.61354	345
2026.01.13	04:00	151.6295	151.62964	151.60878	151.60879	123
2026.01.13	05:00	151.55415	151.55623	151.55402	151.55609	322
2026.01.13	06:00	151.57355	151.57371	151.55616	151.55624	332
2026.01.13	07:00	151.48025	151.48441	151.48025	151.48436	403
2026.01.13	08:00	151.53629	151.55062	151.53628	151.55061	50
2026.01.13	09:00	151.5216	151.52161	151.51502	151.51515	455
2026.01.13	10:00	151.53293	151.53299	151.53235	151.53238	105
2026.01.13	11:00	151.54211	151.55608	151.5421	151.55608	429
2026.01.13	12:00	151.48773	151.49144	151.48756	151.49142	424
2026.01.13	13:00	151.48866	151.49456	151.48851	151.4944	378
2026.01.13	14:00	151.57159	151.57164	151.54494	151.54511	62
2026.01.13	15:00	151.52512	151.53604	151.52503	151.53593	200
2026.01.13	16:00	151.52458	151.52473	151.50451	151.50466	394
2026.01.13	17:00	151.58781	151.5879	151.57812	151.57855	101
2026.01.13	18:00	151.67442	151.69045	151.67437	151.69044	244
2026.01.13	19:00	151.6771	151.68801	151.67702	151.68787	323
2026.01.13	20:00	151.69648	151.69657	151.69331	151.69338	246
2026.01.13	21:00	151.70537	151.70541	151.7012	151.70146	158
2026.01.13	22:00	151.7292	151.7294	151.71275	151.713	469
2026.01.13	23:00	151.72522	151.72866	151.72516	151.72863	242
2026.01.14	00:00	151.75037	151.75436	151.75036	151.75429	405
2026.01.14	01:00	151.7943	151.79436	151.7864	151.78648	411
2026.01.14	02:00	151.8085	151.80871	151.79818	151.79839	69
2026.01.14	03:00	151.72589	151.72591	151.71977	151.71986	421
2026.01.14	04:00	151.72703	151.72719	151.71516	151.71517	358
2026.01.14	05:00	151.70463	151.70472	151.70309	151.70315	207
2026.01.14	06:00	151.74595	151.74833	151.74583	151.74821	154
2026.01.14	07:00	151.74017	151.74254	151.74009	151.74254	377
2026.01.14	08:00	151.69103	151.69107	151.66381	151.66399	208
2026.01.14	09:00	151.69757	151.70768	151.69748	151.70759	289
2026.01.14	10:00	151.73578	151.73579	151.72939	151.72961	116
2026.01.14	11:00	151.69904	151.69908	151.68217	151.68254	57
2026.01.14	12:00	151.73504	151.73537	151.73066	151.73084	356
2026.01.14	13:00	151.78681	151.7941	151.78674	151.79404	469
2026.01.14	14:00	151.78199	151.78954	151.78182	151.78952	291
2026.01.14	15:00	151.81688	151.81721	151.805	151.805	249
2026.01.14	16:00	151.87563	151.88246	151.87544	151.88206	314
2026.01.14	17:00	151.932	151.93866	151.93167	151.93832	307
2026.01.14	18:00	151.8784	151.87845	151.86884	151.86892	499
2026.01.14	19:00	151.88147	151.89909	151.88132	151.89903	181
2026.01.14	20:00	151.89929	151.91605	151.8991	151.91595	89
2026.01.14	21:00	152.02519	152.03514	152.02512	152.03503	450
2026.01.14	22:00	152.04121	152.04126	152.03765	152.03768	192
2026.01.14	23:00	151.94892	151.94905	151.946	151.94602	192
2026.01.15	00:00	151.9126	151.91269	151.90613	151.90618	68
2026.01.15	01:00	151.93512	151.93534	151.92015	151.92029	257
2026.01.15	02:00	151.87962	151.87987	151.85687	151.8569	493
2026.01.15	03:00	151.86458	151.8741	151.86457	151.87391	296
2026.01.15	04:00	151.89891	151.8991	151.89639	151.89639	113
2026.01.15	05:00	151.92168	151.93249	151.9215	151.93239	293
2026.01.15	06:00	151.93724	151.93728	151.9275	151.92752	369
2026.01.15	07:00	151.95087	151.95094	151.92849	151.92867	263
2026.01.15	08:00	151.94549	151.94551	151.92986	151.92988	51
2026.01.15	09:00	151.90854	151.90863	151.89957	151.89969	370
2026.01.15	10:00	151.86669	151.86679	151.85823	151.85827	227
2026.01.15	11:00	151.83975	151.83975	151.83533	151.83535	120
2026.01.15	12:00	151.8465	151.84858	151.8462	151.84844	409
2026.01.15	13:00	151.77381	151.78605	151.77369	151.78584	493
2026.01.15	14:00	151.77803	151.77805	151.7702	151.77039	387
2026.01.15	15:00	151.75089	151.7647	151.75086	151.76449	466
